ticker,sig,n_ins,ceo_cfo,value,adv,ex_spy,ex_iwm
SPG,2023-01-03,11,False,392568.24,192188893.6126709,-1283.1000974320145,-777.0025048503765
CODI,2023-01-05,8,False,843690.39,4770217.624120712,-877.0075106744413,-220.86912842434464
NFE,2023-01-06,2,False,551432.3,80186964.96900558,-3228.072298452975,-2480.200105598172
HEI,2023-01-11,10,True,1828818.05,53285597.55584717,-115.29932056334174,673.7757320811061
PLAY,2023-01-13,3,False,327708.35,51088902.34357834,-2304.6013912581407,-1446.8876211012857
TRST,2023-01-30,8,True,286366.23,3131384.320869446,-1677.166024846626,-601.6783896521185
TFIN,2023-01-31,7,False,3781520.53,8322586.801166534,-1145.4134007467328,-28.70980808516735
OBIO,2023-02-01,2,True,18148548.8,2203467.6768779755,7922.70694824244,9052.985975164935
INTC,2023-02-02,2,True,501859.5,1263045192.9882812,47.091369755037675,1294.2936684822835
JBSS,2023-02-03,2,False,699041.76,5015062.486305237,1976.0359094892149,3055.2872832338403
NEE,2023-02-06,3,True,574472.64,826620849.3323517,220.6721119770695,1265.8265640042698
VERA,2023-02-08,3,False,25999988.0,7239804.375598431,-507.52826196835287,467.35853306419284
ALGN,2023-02-09,2,True,1200572.08,388845861.530838,-689.3992803310464,263.14596610166467
CNC,2023-02-09,2,False,997935.0,310328261.6844177,-834.3042517181999,118.24099471451119
GLO,2023-02-09,3,False,312102.0,2066538.4428858757,-670.0388109434355,282.50643548927565
ONEW,2023-02-09,3,True,333683.64,3731192.723712921,-558.325010378059,394.2202360546521
RILY,2023-02-09,4,True,6753753.64,16191033.464660645,-233.5635351001551,718.981711332556
ASPS,2023-02-14,5,True,2574340.0,2152760.2841413496,-2465.892846206101,-1405.6575067899807
CLFD,2023-02-14,2,False,379900.0,42250404.22193527,-4253.484467814873,-3193.2491283987524
FIS,2023-02-17,7,False,1054810.87,419687435.27194977,-2337.706863699559,-1329.8612652221411
MKL,2023-02-17,2,False,732046.2,50441412.16369629,-285.86174781348876,721.9838506639295
NSIT,2023-02-17,2,False,11032490.72,30291757.199935913,-638.4266843223448,369.41891415507325
DVN,2023-02-21,2,True,782462.72,667420847.5037956,-1567.1055614579166,-475.9695789757322
BARK,2023-02-22,3,True,267021.0,2433766.907866478,-2498.7986369605674,-1354.7439861652556
HLF,2023-02-24,2,False,455380.0,33296086.697540283,-3914.667084822811,-2932.0412197642004
RILY,2023-02-27,2,True,736300.0,23937266.115837097,-1130.0104979406296,-84.06431092814331
TWLO,2023-02-27,2,True,10250678.66,384608410.0606537,-1178.7178345334114,-132.7716475209251
WSC,2023-03-01,2,True,401767.5,87253147.99598694,-1962.507558849628,-730.721846218784
KDP,2023-03-03,2,True,831990.0,279258828.50442886,-1358.0921369323917,-236.08615146156654
IHRT,2023-03-06,3,True,1053544.62,5624962.867786884,-6293.501515118845,-5119.919175777754
BSM,2023-03-07,2,True,1010262.5,13163349.386606216,-325.8365340211676,646.5711328817971
SLRC,2023-03-07,2,False,4759706.46,3547931.488723755,-1812.505585108499,-840.0979182055343
FCNCA,2023-03-08,2,True,252005.2,60749138.55804443,7512.8952145382955,8521.42345049341
TTI,2023-03-08,4,True,256240.0,4658338.718869686,-3041.228009647674,-2032.699773692559
QCRH,2023-03-10,3,False,538078.0,3011136.173095703,-1136.4518288555266,-871.343572519971
CFR,2023-03-13,2,True,1553055.0,55044194.50073242,-1344.6352821954313,-957.5366555047929
ELAN,2023-03-13,2,True,255300.0,80716502.21483707,-1344.1994156602202,-957.1007889695818
FPI,2023-03-13,2,True,313060.0,6669389.746131897,979.6883772215575,1366.787003912196
GBCI,2023-03-13,3,True,398898.44,22638564.69062805,-2739.626202679997,-2352.527575989358
MCB,2023-03-13,5,True,647115.78,5647647.482070923,68.13701893475563,455.23564562539406
SLVM,2023-03-13,2,False,742341.12,23952882.443084717,-2025.942264506796,-1638.8436378161575
UMBF,2023-03-13,2,False,275347.0,16376502.451095581,-1778.2408242349402,-1391.1421975443018
VST,2023-03-13,2,True,709700.0,117331226.88853264,-938.2526829140388,-551.1540562234003
BY,2023-03-14,4,False,2133120.6,2614252.4945926666,-1720.3569468107626,-1334.6883128845411
CCB,2023-03-14,4,False,1426978.9,2479128.106098175,-62.177502092923135,323.4911318332985
CUBI,2023-03-14,3,True,660150.0,21632751.15076065,4730.014426163395,5115.683060089616
ENVX,2023-03-14,2,True,678781.04,37770045.34758806,1559.118588600189,1944.7872225264107
FFIN,2023-03-14,4,True,578237.67,19407301.742773056,-1712.6741649914798,-1327.005531065258
RILY,2023-03-14,2,True,936275.0,24233272.01376915,1365.039888338734,1750.7085222649557
RRGB,2023-03-14,3,True,432043.57,5321919.891490936,81.48478271979079,467.15341664601243
SCHW,2023-03-14,5,True,4498682.56,1189494947.5304413,-1441.6784800139842,-1056.0098460877625
VLY,2023-03-14,5,False,750724.0,42833476.47570133,-2067.2431084217415,-1681.5744744955196
AXTA,2023-03-15,2,True,1079523.0,69413884.28990364,329.0164966986414,722.5015774667293
BXMT,2023-03-15,2,False,1121100.0,52588117.01020241,-140.26069890071074,253.2243818673771
CRK,2023-03-15,2,False,251400.0,68370091.95371628,-1121.2844935246883,-727.7994127566004
DVN,2023-03-15,2,True,1376850.0,757762739.4573402,128.57696336163195,522.0620441297198
NMFC,2023-03-15,5,True,2779443.0,4549766.116695404,-85.88822107801514,307.59685969007273
OEC,2023-03-15,2,True,329324.0,19442045.38137436,-856.455136600031,-462.97005583194317
RYAN,2023-03-15,2,True,7929459.0,36119141.35637283,379.6924901051066,773.1775708731944
SMBC,2023-03-15,2,True,345046.1,2567893.2793045044,-587.3786185501018,-193.89353778201396
WMB,2023-03-15,3,False,359869.0,230665258.44124794,-214.315553037146,179.16952773094187
GEF,2023-03-16,2,True,442971.87,15138880.328140259,875.2950189510508,1096.6965133522408
GH,2023-03-16,2,True,4949798.66,68006065.49186707,1854.1995943281563,2075.6010887293464
HASI,2023-03-16,5,True,484181.04,24000401.010398865,-322.64689967901757,-101.24540527782763
MTDR,2023-03-16,5,True,253987.5,87076181.13893509,52.98316370012518,274.38465810131515
PNC,2023-03-16,2,True,255150.0,549777202.0237732,-1153.5906703477274,-932.1891759465374
SFBS,2023-03-16,2,True,289449.96,18755140.791397095,-3394.0183865798067,-3172.616892178617
BOKF,2023-03-17,2,False,381328.2,24867665.006599426,-1182.1320261058927,-797.2288622895003
CPRI,2023-03-17,2,True,10177479.09,140053288.2314682,-2529.7585843339234,-2144.855420517531
PINE,2023-03-17,2,False,1158377.25,2043310.4382419586,-1213.9052431618095,-829.002079345417
RWAY,2023-03-17,2,True,308837.28,2584584.6512413025,-618.3284415331256,-233.4252777167331
BNL,2023-03-20,4,True,273599.54,16515633.244285583,-1680.7272004584636,-1196.305480872116
SPOK,2023-03-20,2,True,278385.54,3268325.717115402,1647.6428915902918,2132.0646111766396
VTS,2023-03-20,2,False,795394.28,8556126.595315933,3229.651596100134,3714.0733156864817
CBU,2023-03-21,3,False,268740.0,20270731.125011444,-1990.0945912779216,-1615.6643951462806
PDM,2023-03-21,7,True,675788.2,12352982.730059624,-1737.9860909240463,-1363.5558947924053
APEI,2023-03-22,7,True,296787.5,3122563.814700842,-2521.6359282008225,-2276.2824662506123
ONEW,2023-03-22,2,True,730900.0,3259984.828891754,1903.3772070870791,2148.7306690372898
TRN,2023-03-22,2,True,295042.65,17636479.55780983,-1236.818515176585,-991.4650532263743
NEWT,2023-03-23,10,True,759030.82,8220774.880332947,3259.7499074526877,3498.522439629875
UHAL,2023-03-27,3,False,4213827.0,15397872.686920166,-1465.186543709675,-924.9726858994139
SLG,2023-03-28,2,True,326800.0,124203407.30057716,2415.2542131400755,2861.1314916931774
CQP,2023-03-29,2,False,6980433.34,14830016.461200714,-1381.2339631475922,-1043.8725801731773
PGC,2023-03-29,3,True,275417.4,2997123.0562877655,-2116.4598297509638,-1779.0984467765488
SPG,2023-04-03,11,False,398726.51,221748754.80007172,-632.2739293965762,-465.16389652362386
CWEN,2023-04-04,2,False,4484354.0,30273790.50130844,-1825.7328111117465,-1745.3159821804177
FDX,2023-04-13,2,False,442500.4,672583075.8344513,461.4313480679025,404.88024742322966
WDFC,2023-04-14,4,True,267366.44,22063001.607818604,1254.9476305159073,1296.5751772050567
DOMO,2023-04-17,2,True,754950.0,8702281.336832047,-1719.112049549471,-1631.3430444829019
SFBS,2023-04-25,3,True,300429.4,11280025.58397293,375.13149430857817,233.63789789553113
BANF,2023-04-26,3,False,441755.02,6245997.88105011,1876.5876300751067,1697.02764696307
CLF,2023-04-27,2,True,1604551.0,174894499.49475288,408.27359078658253,146.4055533575287
KREF,2023-05-01,2,True,352300.0,6271175.75902462,704.5625697266256,385.8648826897482
LKFN,2023-05-01,2,False,1025750.0,8257816.744041443,-30.63364140151806,-349.3313284383955
TCBI,2023-05-01,2,False,2619140.0,25469282.540168762,1735.538943566249,1416.8412565293713
USB,2023-05-01,2,False,1341288.3,586929591.8157005,835.977573210884,517.2798861740066
ENPH,2023-05-02,2,True,10608313.5,940011946.3771057,-1362.4457222082697,-1673.4362913666457
FBK,2023-05-02,2,False,1200405.3,4834339.709157944,1547.5965910668353,1236.6060219084595
FFIN,2023-05-02,3,True,266015.0,15459809.12656784,89.67861715448,-221.31195200389587
GBCI,2023-05-02,4,True,314020.11,23270957.482004166,-369.7260376331192,-680.7166067914951
SFNC,2023-05-02,4,True,492850.0,9928168.427371979,1509.0616323011386,1198.0710631427628
BMRC,2023-05-03,4,False,287247.56,2036621.2406635284,3313.618497987372,2973.1312023507408
BOH,2023-05-03,2,False,301585.0,32435094.07251358,1394.228273993271,1053.7409783566397
ZION,2023-05-03,3,True,2046915.0,168243462.4709797,5697.589702736638,5357.102407100007
ADT,2023-05-04,5,True,667440.0,19419294.68540907,550.0170731341806,274.52783587785274
EWBC,2023-05-04,4,True,892701.2,88035258.34777832,2381.1426907148198,2105.653453458492
FHN,2023-05-04,2,False,351274.48,99763638.37434769,1325.5479419032947,1050.058704646967
KEY,2023-05-04,2,False,756952.0,314089264.6297598,945.5275306615368,670.0382934052091
ONB,2023-05-04,3,True,268054.0,28116032.286286354,1972.7972902432623,1697.3080529869344
HTLD,2023-05-05,2,True,1568111.57,2748355.4108047485,-681.3050409906702,-985.0589163353092
KDP,2023-05-05,4,True,1294911.9,305485632.89333344,-689.2663566381724,-993.0202319828113
ALB,2023-05-08,2,True,1243456.8,539042513.7877655,-244.29221434782642,-560.570339092724
LDOS,2023-05-08,3,False,499895.0,85896409.9276352,1066.856442945836,750.5783182009385
WSBC,2023-05-08,2,False,585280.0,7517996.43699646,766.4643718206826,450.18624707578505
HURN,2023-05-09,2,True,257897.24,13227986.476287842,1866.3972721555222,1643.0207893894578
LKFN,2023-05-09,2,False,507995.0,8780461.389923096,1180.9358655849378,957.5593828188734
MLKN,2023-05-09,2,False,1099918.0,11532313.138389587,527.7951786881041,304.4186959220396
ABCB,2023-05-10,2,True,321570.0,15774184.12776947,4326.150929637919,4058.5261687328266
RNST,2023-05-10,2,False,322345.22,6154359.18920517,1863.7932384088447,1596.1684775037527
TSN,2023-05-10,2,False,598976.76,222687353.7872696,593.1019733895765,325.4772124844846
BBDC,2023-05-11,5,False,254834.88,3551673.839762211,550.0500214445989,288.6401674288727
CFR,2023-05-11,2,False,621625.0,79391332.10857391,-3.5805600460822595,-264.9904140618084
CODI,2023-05-11,2,False,679255.24,2888974.256954193,161.68738630749428,-99.72246770823187
PACK,2023-05-11,2,True,346902.2,2453045.192902088,5085.268068452397,4823.85821443667
TFIN,2023-05-11,2,False,861836.76,12056265.982074738,3319.6415341048537,3058.231680089127
WAFD,2023-05-12,3,False,585505.88,23063703.09223175,839.643181112894,727.3510256715515
ADC,2023-05-15,2,True,1542260.75,38627584.14096832,-1412.758267466087,-1635.8930846677117
BW,2023-05-16,2,True,610383.2,2221074.1290020943,-1170.6737748666958,-1204.3980940439199
RBA,2023-05-16,5,False,382612.1,74075723.83768082,281.43690150546865,247.7125823282446
RYAM,2023-05-16,5,True,451670.0,3085036.046230793,-3605.9666237050146,-3639.6909428822387
AXON,2023-05-17,2,True,2050229.06,398833636.9874573,-528.1444219409958,-581.7568593022748
PNNT,2023-05-17,3,True,351473.2,2064626.5312433243,1325.6331427971943,1272.0207054359153
AVD,2023-05-18,2,False,1027563.25,2491578.408780098,-1867.9820736383756,-1918.3509228868988
DCOM,2023-05-18,4,False,525270.22,3892039.5545339584,1596.4785429438282,1546.109693695305
EGBN,2023-05-18,6,True,350406.32,12150252.188940048,1740.9497333072895,1690.5808840587663
G,2023-05-18,2,False,276810.0,68717320.84236145,-1255.485240579605,-1305.8540898281283
OUST,2023-05-18,3,True,768091.0,3832304.7978117466,131.47960440285655,81.1107551543333
EYE,2023-05-19,2,True,350580.41,29989763.918190002,-2620.8185742357746,-2505.3153546911376
PRAA,2023-05-19,3,True,1122915.0,15784408.475437164,29.14309378233483,144.6463133269719
ACDC,2023-05-22,2,False,6357758.75,9577281.263952255,-1822.6160190394066,-1688.9365997303105
DNA,2023-05-22,2,False,960000.0,22357242.177466583,-105.19577347174298,28.48364583735323
TNDM,2023-05-22,3,True,483981.55,47569488.7394619,-827.751404304393,-694.0719849952967
CE,2023-05-23,2,False,317083.52,145954427.05368042,101.74802074876254,285.35587205975435
ABCL,2023-05-26,2,True,1096885.0,18601923.465418816,-2535.307913978153,-2577.5067878558566
DRVN,2023-05-30,2,True,1094840.0,19683976.519412994,-4708.598133007556,-4767.930640040816
GCO,2023-05-30,3,True,318663.18,6443020.25226593,3399.199463862342,3339.866956829081
ET,2023-05-31,2,False,9702333.8,134355749.07985687,223.76329106517503,151.43861919627759
NFE,2023-05-31,2,False,294405.36,40514548.651361465,278.4412186160991,206.11654674720162
HBAN,2023-06-01,2,False,252130.8,162112111.8013382,-184.2393987231862,-29.056006131865793
FSCO,2023-06-02,4,True,1452035.0,4801236.046321392,1129.5221402162879,1168.1280739452934
ZD,2023-06-02,3,True,765310.0,30302678.24321747,15.9822008432655,54.58813457227117
GPC,2023-06-05,2,False,378220.0,136966718.76586914,-422.7987661655154,-134.64257400859893
IART,2023-06-05,2,True,400021.6,41343708.17302704,103.76706291239934,391.9232550693158
HEI,2023-06-06,9,True,295824.4,86586136.1114502,8.238020864793985,393.095623603931
ZUMZ,2023-06-06,2,True,1163500.1,7568627.063193321,1377.1540749351693,1762.0116776743064
AKR,2023-06-07,2,False,491725.0,9256758.145446777,-372.000712527695,81.07478054574538
DG,2023-06-07,2,True,255901.2,677469437.4195099,-2386.926963930157,-1933.8514708567168
FCPT,2023-06-07,2,True,448101.25,10711774.553079605,-1346.1875489961467,-893.1120559227064
AAP,2023-06-09,4,False,733656.35,271838246.0364914,-498.34405150245067,-164.50054733790904
GME,2023-06-12,2,False,335900.0,123853266.04646683,-3473.6394878771475,-3057.358926556088
CMTL,2023-06-23,4,False,922615.35,7036860.774049759,-1372.8745385728098,-1156.7520130964776
VERA,2023-06-23,2,True,6882451.89,12601137.987191677,-796.1705864821803,-580.0480610058481
MPAA,2023-06-27,3,False,1050000.0,3051137.849392891,-2.3153088186831337,272.7981886282418
ACET,2023-06-29,2,False,3657500.0,4149869.5475402833,-3802.9207116033135,-3506.0698481035292
OKE,2023-06-29,2,True,1792033.72,200567299.99269485,674.6983989531827,971.5492624529674
SPG,2023-07-05,10,False,306197.76,185204126.58927917,-577.984750500619,-524.5652895131019
BDTX,2023-07-06,2,False,10000000.0,71718314.35272455,-3765.0470506402294,-3445.3079429879126
CDZI,2023-07-17,4,True,1248000.0,4141141.1768329144,-2241.8895290143437,-1599.4641085236806
SVRA,2023-07-19,10,False,9999990.0,2787975.100374222,-197.87040867548734,616.5755454358862
MLKN,2023-07-20,4,False,419836.8,15687661.092133522,4182.372056338258,4927.97535442091
HPK,2023-07-21,8,True,92967525.0,8138305.031399727,3050.374073661856,3675.5533682043647
RILY,2023-07-26,3,True,4549985.0,12330288.18447113,-3020.6336392074136,-2295.282377369962
ILPT,2023-07-31,2,False,262100.0,5530309.248760939,-3844.734118013221,-2974.6124163543254
ADC,2023-08-03,3,True,3258225.45,60114761.47916794,-909.3832399867472,-8.485195090625897
BUSE,2023-08-03,2,False,497609.2,4813592.261343002,-332.1799928845472,568.7180520115741
CROX,2023-08-03,2,False,1408688.99,257844407.57026672,-1015.6212904260931,-114.72324552997182
FBK,2023-08-03,2,False,765924.26,6364942.602930069,-1054.9121632865074,-154.0141183903862
BY,2023-08-07,2,False,865200.0,2104901.6022109985,-908.038457503352,-58.936268461531604
NDAQ,2023-08-07,2,True,534700.0,186489919.3038559,348.6897628318282,1197.7919518736487
ZBRA,2023-08-07,3,True,1508453.0,156080080.5230713,-1495.3176473761057,-646.2154583342852
VAC,2023-08-08,2,True,768590.0,65854016.275177,-2530.6813444604986,-1734.222477325222
CVBF,2023-08-09,2,False,3244137.5,27292758.79483223,-687.4105035450395,-88.04530218298079
LESL,2023-08-09,2,True,519500.0,53826830.08288002,-2688.8471295733384,-2089.48192821128
RBA,2023-08-09,4,False,343795.18,80014277.08154678,1916.1416838649827,2515.506885227041
SABR,2023-08-09,3,True,936058.06,32150101.284788847,-2173.1634984298007,-1573.798297067742
AES,2023-08-10,2,False,739690.0,101548865.48942566,-1483.2951238515193,-728.7266423765062
EMBC,2023-08-10,3,True,311076.5,15179541.031370163,-2666.8945457079494,-1912.3260642329365
LTH,2023-08-10,2,True,725083.18,18049499.924793243,-2687.0460442784283,-1932.4775628034151
ROG,2023-08-10,2,False,549272.9,21854116.38786316,-2069.727242181067,-1315.1587607060542
XPOF,2023-08-14,2,True,596280.1,13755726.534118652,-3673.4811479433088,-2829.7412727770293
HROW,2023-08-15,2,True,437290.0,13123330.350551605,-2498.0780784824137,-1629.1441292076497
LYFT,2023-08-15,2,True,1245998.58,206161741.16494656,-1538.0303133568088,-669.0963640820449
ONEW,2023-08-15,2,True,364177.44,3683079.9741077423,-1365.2602680130665,-496.3263187383027
OPCH,2023-08-15,2,False,1991375.0,78167262.60005951,-1979.3013825080109,-1110.3674332332469
ALTG,2023-08-16,3,False,386440.0,7751107.801551819,-2262.638454070601,-1371.8992309341643
ASLE,2023-08-17,4,False,1544301.45,8396351.062688828,927.5148722342564,1850.3936176923096
BY,2023-08-17,4,False,466205.25,2982491.4730644226,-1021.3982767262517,-98.51953126819829
FWRD,2023-08-17,3,True,1276186.26,41291262.000198364,-60.88098417041311,861.9977612876403
HTLD,2023-08-17,2,True,1877545.6,4616702.916555405,-2052.7170428122204,-1129.838297354167
MQ,2023-08-17,2,False,1375240.0,34741043.998577595,60.515701905478075,983.3944473635314
NEE,2023-08-17,2,False,950900.0,593182473.3834076,-2025.7470665334763,-1102.8683210754227
SKIN,2023-08-17,3,True,663582.25,12767053.405754566,-3712.466694121812,-2789.5879486637587
CROX,2023-08-18,2,True,398185.68,255012941.7269516,-1371.8161336166684,-837.0101821744021
FNKO,2023-08-21,2,True,2939878.98,6476355.049190521,1256.8583262930417,1795.2643662197559
HASI,2023-08-21,10,True,802306.25,34130414.68923569,969.1637491447051,1507.5697890714196
SLRC,2023-08-21,2,False,752600.0,3496845.511164665,-483.8945042054914,54.51153572122298
BUSE,2023-08-22,2,False,277035.0,4003841.7965507507,438.25008680239546,1134.1648912880344
MRCY,2023-08-22,4,True,4329922.15,47061301.67964935,-1596.9033062919302,-900.9885018062913
REKR,2023-08-22,2,True,1235500.0,2121245.1455783844,-2889.174580572505,-2193.259776086866
ET,2023-08-23,2,False,39022500.0,177921433.35833073,104.85585616497775,692.0894542236074
FTRE,2023-08-23,2,True,782900.0,36830557.87731171,1501.2724710215325,2088.506069080162
RRGB,2023-08-24,2,True,2479202.72,4633101.543073654,-1720.1643727901803,-1141.5650587854107
OUST,2023-08-28,2,False,458760.0,6668805.414497852,-1273.322490304512,-606.2799421569993
ZBH,2023-08-29,3,False,365790.64,215533954.54193115,-626.099712967565,-22.3532569720674
ADMA,2023-08-30,2,False,579800.0,12308707.81863451,-50.67761661392784,564.8614447276411
SPB,2023-08-30,2,True,484402.14,53864390.58944702,-2263.8953883445474,-1648.3563270029786
VVV,2023-08-30,2,True,501055.04,67418047.12722778,55.0512431226146,670.5903044641836
WEST,2023-08-30,2,False,374259.45,2369501.505765915,-1286.302899049212,-670.7638377076429
SPRY,2023-08-31,3,False,29450000.0,2227383.613629341,-3848.512455441502,-3094.412359356091
FLWS,2023-09-11,2,True,342450.0,3827206.679189205,2653.253463034299,2856.410186117406
GME,2023-09-11,2,False,372626.24,59296455.611629486,-1766.5939059711234,-1563.4371828880167
BHRB,2023-09-12,3,True,267950.0,2138906.7984962463,87.22427316480936,217.44239987161635
MIRM,2023-09-13,2,True,553266.1,12030217.813425064,572.6766535258271,723.8018447741007
VIRT,2023-09-13,2,True,1110550.0,12034483.997249603,329.70388426632127,480.8290755145949
AXTA,2023-09-14,3,False,1052955.0,49578458.087654114,1748.5358819020264,1973.522456340608
PSEC,2023-09-14,2,True,1112253.2,9423270.506284237,-1233.6340670254913,-1008.6474925869098
VTS,2023-09-14,2,True,347700.0,6049589.669742584,-460.38037403887574,-235.39379960029424
APPS,2023-09-18,3,False,450056.0,13140017.282502651,-584.0650110716626,-597.5779804695113
GRNT,2023-09-18,5,True,283820.0,4751077.19263792,-397.29358741362887,-410.8065568114775
HAIN,2023-09-19,2,True,404800.0,12565320.272445679,-727.2674778564206,-1014.544780208634
IOVA,2023-09-19,2,False,26555600.0,41705262.04301596,3164.359432269123,2877.0821299169093
HPK,2023-09-21,2,True,8446324.2,8486421.42047882,-2818.35496807191,-3009.9785513677934
CHPT,2023-09-22,2,False,12885000.0,76188916.49653435,-5772.936044366393,-6109.669392222374
STAA,2023-09-22,2,False,11788979.71,34805757.67791748,-2904.1499194678445,-3240.883267323826
MEI,2023-09-25,2,True,529241.0,9325365.02527237,-1488.449382046588,-1750.502249747041
ADC,2023-09-27,2,True,3400000.0,43817555.48749924,177.78810545321434,-114.92396643336622
SPWH,2023-09-28,2,False,305211.25,3970194.156894684,-983.6138578652756,-1404.8145938319935
ASTI,2023-10-02,5,True,384995.52,3400031.95,-6641.420957663075,-7256.8661668507275
SPRY,2023-10-02,2,False,8328325.74,11929212.334427834,2547.774021316056,1932.3288121284033
SPG,2023-10-03,11,True,359085.49,201270215.29541016,2488.576262221032,1958.949160266823
COTY,2023-10-04,2,False,37800000.0,68163863.00319672,661.3140218215354,151.5861602300797
BHVN,2023-10-06,2,True,902123.69,32639615.256643295,6736.7101221046,6407.039349032445
SRRK,2023-10-18,3,False,45086782.05,4775226.652970314,8445.940630910012,8284.28005854481
NTRS,2023-10-25,3,True,1736268.5,109648059.77090836,843.6751358526867,768.1686805372628
FFIN,2023-10-26,4,False,257861.0,15405204.507303238,456.9912467238768,259.20073252400533
CFFN,2023-10-31,5,False,310289.4,4244571.707603931,868.5316825794371,533.7203499572036
TBI,2023-11-01,4,True,298284.0,4430343.332681656,568.4588005493122,423.84728918218457
B,2023-11-02,2,True,2661888.16,302598794.19407845,-1484.7595498761625,-1431.4038887800698
MBLY,2023-11-02,2,False,1100180.15,104854256.48578644,-4471.765484480173,-4418.4098233840805
TEX,2023-11-02,3,True,437369.3,62406322.98538208,1158.230761288973,1211.5864223850658
MKL,2023-11-06,3,True,297468.72,80502354.83032227,-715.3899206164818,-621.2177974717106
SRPT,2023-11-06,2,True,5942299.89,213863677.35652924,4243.1156668474605,4337.287789992231
NMRA,2023-11-07,2,False,2199889.4,3059308.9953565598,1866.8339861834581,1763.1897111713247
NVST,2023-11-07,2,True,258313.07,70377608.12328339,-195.44476504382055,-299.0890400559541
TBBK,2023-11-07,2,False,733039.45,15177789.586715698,-318.5932609478663,-422.2375359599999
AES,2023-11-08,3,True,869167.6,152322211.72089577,-1508.9553268729744,-1581.219671186685
ET,2023-11-08,2,False,13629975.0,193053099.8954153,-912.3185705813147,-984.5829148950253
FCPT,2023-11-08,2,True,306063.0,16138795.442171097,-1238.5506698950542,-1310.815014208765
AURA,2023-11-09,2,False,15474987.3,2367928.316245079,-725.1527983407258,-1014.3360260724543
SOFI,2023-11-09,2,True,398335.5,284725418.27085495,293.8739705432625,4.690742811533921
ZBRA,2023-11-09,2,True,350480.21,122047461.96159363,821.0078514111285,531.8246236794
AMRC,2023-11-13,2,True,1238655.9,20730554.4857502,-1032.4435568012666,-1240.9028971744392
CNP,2023-11-13,2,True,1272540.0,154505778.29281807,-1051.144969331685,-1259.6043097048575
DMLP,2023-11-13,2,True,350143.15,2866970.0558280945,-548.4859220321887,-756.9452624053613
EMR,2023-11-13,3,False,983685.0,338605432.01969147,681.520338830812,473.0609984576392
ERII,2023-11-13,4,True,401668.5,13304521.627607346,-2823.7900701913195,-3032.249410564492
HAIN,2023-11-13,2,True,363725.0,12277163.395957947,-2728.5846227084344,-2937.0439630816068
PETS,2023-11-13,3,True,451497.88,5452770.542609692,-3530.6012394664153,-3739.060579839588
RILY,2023-11-13,3,False,713859.6,21198295.351781845,-2017.5032010273542,-2225.962541400527
SEDG,2023-11-13,2,False,1453082.0,380548117.9521179,-232.42522864237156,-440.8845690155443
CTOS,2023-11-14,3,True,835300.0,3205739.741244316,1117.9500422215842,1219.264237021946
PCT,2023-11-14,3,True,354221.8,15879560.099890232,447.5973571902225,548.911551990584
TKO,2023-11-14,5,True,2849817.6,109023905.15419006,3.5530928328544875,104.86728763321601
CRGY,2023-11-15,4,False,302984.43,7464700.934839249,-1928.112946305076,-2176.3636004718733
PRGO,2023-11-15,2,True,464790.0,48241176.280231476,-733.7832000403387,-982.033854207136
RXO,2023-11-15,3,True,3474156.08,13105674.056863785,-184.88837374257605,-433.1390279093733
UTZ,2023-11-15,2,True,306970.8,9119511.544528008,2494.0582281386096,2245.8075739718124
WEST,2023-11-15,2,False,470622.75,2069695.332903862,918.7165060087649,670.4658518419676
BILL,2023-11-16,2,False,1507937.9,352924537.2731972,-611.4525122594389,-941.9371011357464
DAR,2023-11-16,3,False,589688.4,112248968.21184158,-1153.0092659588686,-1483.493854835176
HROW,2023-11-16,2,True,261575.0,10438313.866415024,1268.5051446409561,938.0205557646487
MRCY,2023-11-20,2,False,9869827.79,15920438.9731884,-2814.981596738788,-3090.3975542544204
XRAY,2023-11-20,2,True,594000.0,130573024.59124565,12.517830809512104,-262.8981267061202
CRL,2023-11-21,2,True,1248939.04,122717154.20524597,1437.1683173645713,1252.2714178519348
RWAY,2023-11-21,2,True,348078.0,3485327.294239998,-466.5035885575617,-651.4004880701982
HTLD,2023-11-22,2,True,1276314.16,4837086.07837677,-1987.8868919851982,-1962.7861089168814
ABR,2023-11-24,2,True,549725.0,75605856.05938911,-552.360336161907,-561.9602937569082
KMPR,2023-11-27,2,False,456750.0,14535764.677009583,2063.611110808915,1887.9585503630592
SPB,2023-11-28,2,True,2738724.5,57794336.159324646,444.0905509992526,197.04549715627905
KYN,2023-11-29,5,False,18023388.44,5543377.603096962,-384.3299086829524,-553.1382627400319
STAA,2023-12-06,2,False,10641621.41,27567315.41191101,311.1372311115129,364.2079479197918
CRGY,2023-12-08,2,False,353455.0,12872483.68080616,-1822.2085970475118,-1794.979410662487
HTLD,2023-12-13,2,True,4260903.71,3722562.1439552307,-2435.0909702977992,-1856.027760140224
MTDR,2023-12-13,5,True,398611.0,63850980.69993973,884.7158208529021,1463.7790310104776
HRTG,2023-12-15,2,True,499986.12,4042890.1610827446,1123.978600262848,1657.2623693107598
KNTK,2023-12-15,2,False,1999998.0,13063979.23948288,-70.41568731220693,462.86808173570506
ADC,2023-12-18,2,True,258960.5,61217210.971279144,-1731.3775807457057,-946.6133564022997
LQDA,2023-12-18,3,True,11000001.08,5003447.6636219025,9113.263475366723,9898.027699710128
FLO,2023-12-21,3,True,255746.8,26627721.329545975,-840.0338288236723,-135.64265305542145
FDX,2023-12-28,2,True,302664.0,865506797.0820153,279.0345871942726,841.035930271822
SPG,2024-01-02,10,False,325244.85,233378912.82600403,-340.49624601616256,70.87980465165289
ECAT,2024-01-09,2,False,4148761.02,6691033.401789665,-659.1416331570451,-312.1970868652555
MEGI,2024-01-11,2,False,1150209.53,3424568.1750679016,-1974.6665992783346,-1587.7226590450327
SLDB,2024-01-12,2,False,23861247.69,2464907.8713965416,1761.2437356547773,2068.135498399032
CODI,2024-01-19,8,False,795139.88,4133929.546365738,-310.48257976868433,223.340303494431
EWTX,2024-01-25,2,False,9999990.0,18499849.95894909,-677.3091079326178,-435.2433147298919
ACET,2024-01-26,2,False,15000000.0,5130841.389098167,-3333.1905827462133,-2958.608366749264
TCBI,2024-01-26,2,False,523750.0,32047059.497699738,-665.6338732248383,-291.05165722788917
COLB,2024-01-30,6,True,650307.14,52365261.31697655,-1362.014232144369,-1120.5319614896532
TBBK,2024-02-01,2,False,252923.92,18516028.523273468,-3088.9595102117946,-3011.2569694212384
CVBF,2024-02-06,3,True,1067144.78,17373628.53867531,-180.39132977804627,-364.81349660309746
MKL,2024-02-06,3,True,285174.96,79702215.45227051,829.4252105840831,645.0030437590319
KREF,2024-02-09,2,True,349920.0,7123835.454339981,-473.00176079391076,-189.83778482922656
EG,2024-02-12,4,True,947979.55,143229471.06155396,-144.7447431651256,-194.7718992090359
JSPR,2024-02-12,2,False,6993000.0,2221424.0926218033,1285.6814493355068,1235.6542932915966
MRCY,2024-02-12,3,True,395595.48,23433819.321565628,-1039.4332868225604,-1089.4604428664707
SANA,2024-02-12,3,False,29999986.5,13615488.65764618,909.309169667957,859.2820136240467
VFC,2024-02-13,2,True,1204341.16,150762939.56772804,-3171.135510993399,-2984.5888263168026
TNYA,2024-02-14,2,False,19999998.0,3473967.4644494057,-3416.8723792882806,-3055.0609730758692
LRMR,2024-02-16,2,False,37521992.58,8629372.843441963,-4656.093775005644,-4522.3594071080415
ADC,2024-02-20,2,True,1279630.0,62258451.92050934,-10.847570686586538,117.58764876774825
GTES,2024-02-20,3,True,12948897.0,34013586.15970135,2155.8049941851127,2284.2402136394476
IOVA,2024-02-20,3,False,48330300.0,53095275.67247152,-2049.121721603646,-1920.6865021493113
PRME,2024-02-20,3,False,60000000.0,5901118.319652081,-2563.058053038423,-2434.6228335840888
CART,2024-02-22,2,False,230616200.92,149108816.19820595,140.1446690726093,144.7406521016769
FCNCA,2024-02-22,3,True,2656276.7,141584603.94470215,996.2916721046586,1000.8876551337262
BY,2024-02-23,2,False,646576.96,2831389.6413517,603.7783902874428,747.7267863987469
BNL,2024-02-26,3,True,352920.0,20301334.19029236,-62.49082498370209,262.7778840182003
GSHD,2024-02-27,3,True,542448.52,23568450.32600403,-2482.907702518557,-2136.7802962569986
AMN,2024-02-28,5,True,1602133.38,55534234.591617584,-598.4745400773145,-262.00293204928835
WES,2024-02-28,2,False,473935.0,57940138.30514908,734.9412416955597,1071.4128497235859
RIG,2024-02-29,3,False,14670000.0,90854002.29609966,2132.4431248635788,2498.6001722618066
PRGO,2024-03-01,2,True,417107.3,62227474.67303276,-46.01610639929404,396.91041160359447
GOGO,2024-03-04,2,False,2508372.94,9328774.46082592,1042.4134306164613,1330.9371068958608
TRS,2024-03-04,2,True,260060.0,7203310.015897751,1013.1246648042383,1301.648341083638
DAR,2024-03-05,2,False,589520.0,82682724.70144272,-1100.5757296658708,-780.2513539051873
KDP,2024-03-05,2,True,7499972.1,411445211.5378094,1322.615577756593,1642.939953517276
NBBK,2024-03-05,3,True,503440.0,4103344.8906850815,361.4007021184544,681.7250778791376
SLRC,2024-03-06,2,False,2628882.0,2980386.8577241898,264.40218002126517,630.2768954346664
D,2024-03-07,2,True,1097844.03,306077375.80251694,733.1414417157054,1293.8814043214973
GEF,2024-03-07,2,True,787602.44,9590453.420295715,-564.6832161431776,-3.9432535373856714
CECO,2024-03-08,2,False,1038675.0,6022080.796346664,446.3725109901301,910.1872987151132
ELAN,2024-03-12,3,False,617799.0,71750581.94806099,1094.829859663145,1663.704513367255
ASLE,2024-03-14,3,False,308400.0,7261790.578742027,-1230.2632730562984,-610.8742544323413
BTSG,2024-03-15,3,False,504301.0,20176938.215703964,1369.7616656810158,1802.7359121873415
CE,2024-03-15,2,False,312768.71,119521464.90219116,-1551.870864399635,-1118.8966178933092
TPL,2024-03-15,2,False,965415.46,41443359.169921875,3240.9251165350106,3673.8993630413365
AAOI,2024-03-18,2,True,547533.8,63458431.436219215,-2993.1356029153144,-2466.710296511689
ATEC,2024-03-18,2,False,459550.0,26888271.00464821,-2637.3635674284415,-2110.9382610248163
CORZ,2024-03-18,3,True,490868.0,16042757.318019867,20637.37659655759,21163.80190296122
RWAY,2024-03-18,2,True,475081.2,5132513.21782589,-772.5702569455214,-246.14495054189626
STEM,2024-03-18,3,False,255410.0,15617650.76339817,-3963.5795022954044,-3437.1541958917796
NN,2024-03-20,2,False,2871160.0,5274640.059132576,4010.6261107615705,4850.059203710733
AAP,2024-03-22,2,False,458549.21,214360826.8736267,-2929.022870998004,-2130.738578694947
LILA,2024-03-22,2,False,8667058.32,3918973.784242296,1572.019130827478,2370.3034231305346
HROW,2024-03-25,2,True,592600.0,5548103.747797012,6785.84709037293,7516.138468543146
SMMT,2024-03-27,2,True,786094.12,10778351.033180952,8416.008339578093,9295.16216486691
NKTX,2024-03-29,2,False,50000000.0,14639197.652130127,-5339.915220692445,-4494.787690945539
CWEN,2024-04-01,2,False,9005194.08,20080325.417957306,445.5055630708332,1094.9442635579371
SPG,2024-04-02,11,False,338909.62,236712507.2544098,-403.58565492312056,216.90810333235535
PGY,2024-04-09,6,True,2012373.19,26491169.03342724,1590.5512099937062,2323.955300082369
CRMT,2024-04-10,2,True,690710.4,10379294.56659317,-910.4175001132281,-136.3053142976661
NEOG,2024-04-10,2,True,440655.0,28017182.6952219,537.5961082848827,1311.7082941004446
SAIC,2024-04-15,3,True,490670.97,50395135.31517029,-1595.4918899574216,-1401.1027145306648
BHVN,2024-04-23,3,True,14999932.0,65536476.096954346,-1942.1463145721505,-2111.6551668873426
LOVE,2024-04-23,2,True,533657.86,10199130.273313522,1677.65898688905,1508.150134573858
KRRO,2024-04-24,10,False,9999920.0,3410274.4637298584,-3653.506807091748,-3985.602594582102
GL,2024-04-26,4,False,530857.98,411887899.6023369,967.9863581437343,493.09670771874204
MSCI,2024-04-26,2,True,9502530.46,381449246.87698364,601.745677011829,126.8560265868368
HXL,2024-04-29,2,True,1605650.0,92871011.12325668,-1367.5359598898922,-1967.3216635851736
HTLD,2024-04-30,3,True,4737118.4,4475116.072311401,1489.1610350783208,1081.8491354823639
CINF,2024-05-01,2,False,336750.0,86876204.38999176,225.89739319105766,-175.0205098143956
CLF,2024-05-01,2,True,1430600.0,187006685.5676651,-1947.0683222674595,-2347.9862252729126
NBBK,2024-05-01,2,True,318901.52,3437898.720264435,2145.244869987127,1744.3269669816736
CVS,2024-05-02,2,False,554152.69,714161775.7172585,109.67003367560874,-205.05086158981695
TBBK,2024-05-02,2,False,658607.5,22244353.127479553,5203.982576404288,4889.2616811388625
VSTS,2024-05-06,2,False,1302786.0,47163845.94242096,1768.7572528805829,1880.7995195992332
HRTG,2024-05-07,3,True,499000.0,3742421.5751576424,-1778.702750657959,-1697.4943187640392
CNMD,2024-05-08,2,False,346860.0,48862219.50073242,-791.488524577003,-682.5009347719911
CTOS,2024-05-08,3,True,253160.0,3697721.813161373,-1337.363811890691,-1228.3762220856793
HLF,2024-05-08,2,False,367160.0,18890363.259773254,-1008.5197741735253,-899.5321843685135
MAC,2024-05-08,3,True,2185369.65,33224834.501957893,-839.1805110063847,-730.1929212013728
PENN,2024-05-08,2,True,874148.79,117241598.3458662,763.5680828924004,872.5556726974123
SHEN,2024-05-08,6,True,453587.04,3078559.129319191,1119.0325760178623,1228.020165822874
UUUU,2024-05-08,13,True,391415.5,20059485.001146793,-2290.9219531934145,-2181.9343633884027
AMH,2024-05-09,2,False,496748.8,79256225.22340775,439.086475532588,511.2724597575031
KMPR,2024-05-10,2,False,329929.5,26681008.25553894,-536.6968094935401,-454.7262719816339
TMCI,2024-05-13,5,True,3653297.62,8775410.473577976,1012.4178789424099,1216.9254142978336
BGS,2024-05-14,3,True,1218453.05,12372871.91438198,-1399.7313017503152,-1102.7628287731513
EYE,2024-05-14,2,True,790500.0,21189564.787898064,-3516.1781900657825,-3219.2097170886186
GO,2024-05-14,2,False,2291565.72,44077217.74598122,-927.2253591216418,-630.2568861444779
BCRX,2024-05-15,6,True,856691.6,18149917.94086218,1949.6030759902494,2200.189400915513
BHVN,2024-05-15,2,False,1515195.0,58656169.63844299,561.0603258721318,811.6466507973956
LENZ,2024-05-15,2,True,550986.52,2764964.7480630875,4117.832140703905,4368.418465629168
TRS,2024-05-15,2,False,517130.12,8057391.361083984,-1754.1441369873328,-1503.5578120620692
DNA,2024-05-16,2,False,783333.29,53187873.22965231,-7407.842349260968,-7070.468727470843
OUST,2024-05-16,3,True,418000.0,11786006.102073193,-4249.971226865857,-3912.597605075732
AVD,2024-05-17,3,False,591143.0,2391533.0647945404,-4302.053596716891,-4035.785125247242
RIG,2024-05-17,3,False,36060000.0,99511501.45066738,-2056.7788757269805,-1790.5104042573319
ACDC,2024-05-21,2,False,6138241.8,9920551.020646095,-3803.263610201698,-3658.468668301581
GL,2024-05-21,3,True,427630.0,268908313.11798096,1169.5058334808464,1314.3007753809636
HUMA,2024-05-21,2,False,717530.25,11968471.139360666,-1652.6358032165522,-1507.8408613164352
IMNM,2024-05-22,2,True,1415483.58,11690653.443145752,-378.6661194314245,-223.72822250246952
SOC,2024-05-22,2,True,2748000.0,3325927.3142814636,291.66449107795574,446.60238800691076
BOC,2024-05-23,2,False,1705840.96,3422700.6546878815,-1656.7403202090256,-1555.550162025999
PRVA,2024-05-23,2,False,9142160.28,19938152.32307434,658.0328904942494,759.223048677276
CMI,2024-05-24,2,False,579540.82,256234340.92788696,227.50047970755554,316.544329968306
IART,2024-05-24,2,False,2495732.09,39853021.89306259,-3519.0057903101906,-3429.9619400494403
ADC,2024-05-28,2,False,1245390.0,39910755.62286377,1624.7280511780823,1406.695168069748
SSTK,2024-05-28,2,True,679522.32,17422502.48151779,-1419.6295136109982,-1637.6623967193327
TITN,2024-05-28,2,True,1001547.25,6523929.6230793,-3138.0715039396423,-3356.1043870479766
CMTG,2024-05-29,5,True,1393140.0,3167761.330137253,-16.203677228842917,-89.36416264605035
CODI,2024-05-29,5,False,850593.96,4083868.885126114,-997.6176547491352,-1070.7781401663426
OXLC,2024-05-29,2,True,50004000.0,16338327.134244919,-921.077751884184,-994.2382373013913
SUN,2024-05-29,3,True,502220.0,48606184.22029495,-74.10144898270326,-147.2619343999107
CZR,2024-05-31,2,False,352060.0,145103002.9449749,-261.49610314380453,-301.8747366044894
NSC,2024-05-31,4,False,2366381.76,343186111.2321472,444.8841941075005,404.50556064681564
LEG,2024-06-03,2,True,382724.0,41894831.31692886,-128.03284405076437,-394.81517720901076
BOC,2024-06-06,2,False,277500.0,3580149.3097496033,-291.0308122865617,-559.7927774600136
GBDC,2024-06-11,2,True,15004385.6,16379182.154474258,-862.2640738591406,-1002.6344786407274
CLF,2024-06-13,4,True,614160.5,122825794.35305119,-2618.8535729804307,-2917.159046324762
FF,2024-06-13,2,False,507616.66,2284691.35689497,1533.7422606204843,1235.436787276153
NFBK,2024-06-13,6,True,418251.16,2471519.4186421395,3865.497404286067,3567.1919309417362
VFC,2024-06-13,2,True,1341652.0,137578241.79822445,2624.4781062355014,2326.1726328911705
RGEN,2024-06-14,3,True,600476.1,91237397.51533508,860.1310044050431,519.9059091459907
IRON,2024-06-20,3,False,14000076.0,16651981.015291214,423.4455487606158,-187.0325975861266
SPG,2024-07-02,11,False,380981.29,265902959.22348022,884.3025047227984,330.5435445596719
BNED,2024-07-10,2,False,1528780.0,6977429.167798424,1034.3389601806484,928.8139946731799
CTRN,2024-07-12,2,True,5513254.46,5023028.209238052,-1002.0089389127658,-812.6755805456072
SCHW,2024-07-19,2,True,2277000.0,701031389.834404,935.549390794801,1262.4300503725428
CTBI,2024-07-23,2,False,645400.0,3523190.6750679016,-750.8977433661427,-370.7653574461137
SIGI,2024-07-23,2,True,372244.0,39114764.78160858,496.51204476930474,876.6444306893337
LKQ,2024-07-29,4,True,600570.0,86807032.64131546,-1332.1584606970132,-518.5205721150849
LW,2024-07-29,2,False,831800.0,301303536.5643692,2796.602348884642,3610.2402374665703
ALLE,2024-07-30,2,True,811468.46,90215208.30665588,-309.3055980044158,391.7802020298343
ATEC,2024-08-05,2,False,517850.0,21458639.500114918,-2620.032328024693,-2345.581898353446
CDW,2024-08-05,2,False,486831.0,225117864.0447998,-1753.6944335661408,-1479.244003894894
NSC,2024-08-05,2,False,739060.0,303379844.00146484,-628.3930953479864,-353.9426656767396
RIG,2024-08-05,3,False,31380000.0,94839218.6391449,-3362.6698609926098,-3088.219431321363
RRR,2024-08-05,2,True,10640000.0,31501045.099315643,-732.2011197199768,-457.75069004872995
BXMT,2024-08-06,2,True,1272935.0,50328472.98828125,-698.9077365667509,-516.5352496311551
CHCT,2024-08-06,3,True,370100.0,7038148.155841827,-1588.2747885439233,-1405.9023016083274
CVRX,2024-08-06,2,True,273525.0,3933476.6018009186,2687.5403937786086,2869.912880714204
MBLY,2024-08-06,2,True,10531049.66,124876318.07609081,-2492.9342048348553,-2310.5617178992597
MGM,2024-08-06,3,True,7312197.0,195572690.39766312,-981.9656878775536,-799.5932009419578
AGCO,2024-08-08,2,False,282674.2,90107148.98983002,308.39739561961164,339.04147958285876
FPI,2024-08-08,2,True,253600.0,4588170.188012123,633.7629374642464,664.4070214274935
HTGC,2024-08-08,6,False,500140.79,27549070.756397247,-542.2886751304302,-511.64459116718314
OEC,2024-08-08,2,True,622120.6,13006217.736597061,-2565.8959788068037,-2535.2518948435563
CTOS,2024-08-09,2,False,435938.92,3387284.2616808414,-907.944724586163,-1052.9681849880526
ONEW,2024-08-09,2,True,1703208.95,3738685.1986312866,-914.113561703196,-1059.1370221050856
GT,2024-08-12,3,True,577394.4,72465244.16115761,1016.0504483689714,513.5899647820696
ET,2024-08-13,2,True,47353600.0,387958996.17161274,141.6616546181236,-341.5961941440916
FOXF,2024-08-13,2,True,393212.0,27279807.61610031,-2396.629606896325,-2879.88745565854
EYE,2024-08-14,2,False,274620.0,26248964.723505974,-472.83979801234767,-886.9867007170807
NVST,2024-08-14,2,True,906707.56,48486620.18128872,626.4820186850953,212.33511598036242
VYX,2024-08-15,3,True,490025.48,29884282.015190125,242.3405577058453,-324.52853237974796
WBTN,2024-08-15,2,False,304621.46,11330035.776124,-1832.5623258751034,-2399.4314159606965
YUMC,2024-08-15,3,True,390172.0,94284840.10920525,3460.4166945493453,2893.547604463752
SNDA,2024-08-19,2,False,6849900.0,2499549.3007946014,-2585.3492214272487,-2950.5449238190117
TMCI,2024-08-19,2,True,1010640.0,6268993.688292503,1536.722448729085,1171.5267463373223
GBDC,2024-08-20,3,True,1218310.0,24279527.548804283,-295.8028276182073,-476.86018375234283
LIND,2024-08-22,2,True,274630.15,2400172.0166015625,3577.2913019243774,3652.2082191644417
ATEC,2024-08-26,3,False,635098.48,23545450.686485767,5761.26496789802,5719.333091099831
BILL,2024-08-26,2,True,3138915.35,96759068.2544899,6526.554560635665,6484.622683837477
IMMR,2024-08-29,3,True,623725.4,12438804.212026596,-925.6162531469511,-1339.273865316811
LESL,2024-08-29,2,True,561600.0,13473916.619317055,1927.0657115842132,1513.4080994143535
BEN,2024-08-30,2,True,2629637.0,112158952.08740234,126.85136589911133,-271.56556688958307
CTRN,2024-08-30,2,True,383465.0,3055089.995880127,2231.9272352637477,1833.510302475053
HR,2024-09-04,2,False,276884.4,50100132.44338989,-909.802750849729,-1359.304992281585
PSEC,2024-09-04,2,True,12961000.0,19073119.18860197,-1959.0042953177406,-2408.5065367495968
UEC,2024-09-06,2,True,286090.0,29768800.25342226,7756.643420913157,7295.632029743489
PENN,2024-09-09,2,True,1275448.0,61783795.744190216,1161.7927164692387,670.5010228613539
VVX,2024-09-09,5,True,582960.0,7425628.380470276,927.2334511168611,435.94175750897637
MTDR,2024-09-10,4,True,279900.0,69238018.97632599,752.2444897441954,298.74053663703825
CODI,2024-09-12,2,False,501168.0,3322647.1944522858,426.99060165092504,222.34097266732311
RIG,2024-09-13,3,False,18585000.0,91543089.27147865,-1214.357808528875,-1381.6449826006635
FCUV,2024-09-18,2,True,600000.0,4686458.819480133,-4125.362816930681,-3949.684900447696
CRMT,2024-09-20,3,False,11052935.0,7655108.012561798,1808.3322421851856,1949.0288301622527
VRDN,2024-09-30,2,True,616312.0,53653107.7480793,-2496.0735484436245,-2278.164297925602
GDOT,2024-10-01,2,False,4767690.4,6173181.143712997,-1481.817267518271,-1242.7240311086864
SPG,2024-10-01,11,False,395664.5,298709027.13523865,-293.3397784763842,-54.24654206679983
LUV,2024-10-02,2,False,107704736.02,262394786.10237122,754.1675733119308,902.9148302265828
BHVN,2024-10-03,2,True,1999940.0,61030754.10938263,-2223.7721249135807,-2077.734625705327
DKL,2024-10-15,4,True,274911.0,7089607.513618469,994.0926204881739,1301.8097081156589
RRGB,2024-10-17,2,False,668515.18,2683437.5683259964,-1409.65715550387,-1237.6534943530332
AVK,2024-10-21,7,True,301604.64,2819970.805735588,215.99182569802352,168.70853620264455
HEI,2024-10-21,10,True,1907892.64,81408225.41671753,-1209.349963035444,-1256.633252530823
NRDS,2024-10-23,2,False,10551948.7,5985111.606550217,1771.8729601371133,1861.2229452664787
NSC,2024-10-25,2,False,512850.0,296469605.9451294,-62.82029272248239,74.77233346277652
TBBK,2024-10-30,3,False,530649.33,30411750.19853592,672.7995707797552,818.3413154643871
AIN,2024-11-05,4,True,317207.0,18685272.496948242,552.6845236475161,1105.3332665784085
NMFC,2024-11-06,3,True,2374962.08,6651087.137327194,-82.00264048251948,424.8296640316648
TRIN,2024-11-06,4,True,392798.26,7486017.716946602,1382.228704420409,1889.0610089345932
DINO,2024-11-07,2,True,293725.0,84913419.48156357,-1335.9887117159983,-783.8714463112902
RRGB,2024-11-07,2,False,469195.0,2656626.1504483223,-34.2802394694293,517.8370259352787
BGS,2024-11-08,2,False,514104.27,10195317.826347351,-2147.930719594182,-1438.8568849245341
DBD,2024-11-12,3,True,303629.12,10506223.488483429,1090.4263191685711,1682.4508807303812
GDOT,2024-11-12,2,False,3882249.0,4688963.508872986,-2208.7954328531127,-1616.7708712913027
CNC,2024-11-13,2,True,1250321.6,481395826.7660713,-565.9017386761851,-39.77718293861132
OSCR,2024-11-13,2,False,28865704.36,70948739.66479301,-1582.3003994187288,-1056.175843681155
MRVI,2024-11-14,2,False,1087625.0,14741183.46832037,-2647.356180579434,-2128.622260501166
SEDG,2024-11-14,2,False,2358048.0,95609679.52404499,2444.650637567571,2963.384557645839
EL,2024-11-15,2,True,10110534.1,430842146.00500107,620.0458023597354,1092.0142718519542
WSC,2024-11-15,2,True,348600.0,163366819.6854782,702.5857040806533,1174.554173572872
PSEC,2024-11-18,3,True,4456843.15,19007022.119309902,-648.4661507262489,-82.99127070160439
TRS,2024-11-18,2,True,260474.94,7581281.253681183,-1523.7292551357318,-958.2543751110871
XRAY,2024-11-18,2,True,310472.32,91819925.15807152,-75.48340962975509,489.99147039488946
ZETA,2024-11-18,6,True,2644689.04,219069128.29009056,1077.5988672710591,1643.0737472957035
AMRC,2024-11-19,2,True,1056800.0,12852516.417942047,-3052.668570830536,-2427.1726004435536
AZTA,2024-11-19,4,True,1288807.67,24738822.29906082,-338.3889422449037,287.1070281420785
HTLD,2024-11-20,2,True,626132.61,5418025.752902031,-1616.805750524885,-801.4147331371252
MBIN,2024-11-20,3,False,2052500.0,8017811.9664001465,667.3057253041483,1482.696742691908
RWAY,2024-11-20,2,True,419310.84,3691479.70140934,1040.95959056854,1856.3506079562999
GRNT,2024-11-21,4,True,297700.97,2927883.9396238327,-994.3460484118146,-21.79385245930504
KINS,2024-11-21,4,False,254882.28,3219405.392742157,923.2506204835483,1895.802816436058
IMNM,2024-11-25,3,True,1310007.72,8766991.844525337,-1418.8528225368386,-484.0875315508081
NGNE,2024-11-25,2,True,1460520.0,21344359.197616577,-3331.5463591536172,-2396.7810681675865
VVV,2024-12-02,2,True,494100.0,56442138.30579758,-678.080971460968,274.2464554304759
NCDL,2024-12-03,2,True,780750.0,3978113.7949085236,275.50772635204385,1216.5188890791828
GWAV,2024-12-04,2,True,314821.32,16555651.20871601,-6152.478286274917,-5334.4107508532425
RRGB,2024-12-04,2,False,8308717.71,2082429.3939614296,-2096.535996607366,-1278.4684611856912
DMLP,2024-12-05,2,True,911176.8,3284298.965950012,-686.7101732661305,168.93950461891265
EQBK,2024-12-05,4,True,520650.0,2960316.878185272,-1414.2190466472832,-558.5693687622401
GRNT,2024-12-06,3,True,265655.0,3784382.794959545,-730.9139036448822,94.47970581535763
TREE,2024-12-09,2,True,661085.0,17467310.51267624,705.0961416876269,1446.1920568021712
MMS,2024-12-13,2,False,499837.8,93141105.47039032,220.41370672232676,803.7046102868175
PLAY,2024-12-13,4,True,1752977.8,71025965.23306847,-2680.7324666249865,-2097.441563060496
TKO,2024-12-13,3,True,144400147.05,139275453.30486298,760.6008136306798,1343.8917171951703
BHRB,2024-12-16,3,False,590495.35,3017875.9016799927,-1022.7815357660871,-533.1325740278089
CRDF,2024-12-16,2,False,974399.0,13188692.949126959,-191.5079237929679,298.1410379453103
DINO,2024-12-16,2,True,521390.0,66825987.15063095,-52.258381377404824,437.3905803608734
DOW,2024-12-16,2,True,1311850.25,333391179.9987984,10.484264221574113,500.1332259598523
FISI,2024-12-16,15,True,835000.0,3304868.252544403,-542.919649137639,-53.27068739936075
NSC,2024-12-16,4,True,286637.91,294022670.21224976,395.2451150972411,884.8940768355193
OUST,2024-12-16,2,True,548278.38,11343081.934609413,-1182.7667645551962,-693.117802816918
SENS,2024-12-16,3,True,280624.54,3685700.672389984,3816.3488153187204,4305.9977770569985
TDW,2024-12-16,2,True,3005888.8,46298626.09466553,-1011.1230753064915,-521.4741135682133
CNC,2024-12-17,4,False,1003473.93,311834529.2639923,433.51318588870987,762.1026173644585
OXLC,2024-12-17,2,True,30073600.0,23136737.203338623,-1310.8253067294306,-982.2358752536819
XPRO,2024-12-17,2,True,698152.0,15513640.35686016,-1026.4781649450886,-697.8887334693399
FERG,2024-12-19,2,False,611231.04,380600992.10983276,-158.3311953849393,199.01675455710915
TXO,2024-12-19,2,False,1937150.0,2743986.460237503,2668.361608942316,3025.709558884364
COP,2024-12-20,2,False,1256795.0,858729727.631607,1012.3995287244993,1232.6545193580441
HR,2024-12-20,3,False,288424.0,57912220.02797127,306.58587510889816,526.840865742443
GEF,2024-12-23,2,True,283034.0,14702194.70588684,-612.8035266543285,-340.17932575171926
LW,2024-12-23,2,False,392250.0,219886246.0878563,-1365.9146574332783,-1093.2904565306692
PGNY,2024-12-26,2,True,5235560.0,23796470.856108665,4472.285412439109,4802.377995209096
QNRX,2024-12-27,4,True,599999.85,2236199.335085583,-5679.0865540541035,-5315.909114042773
SPG,2025-01-02,11,False,410348.06,272820307.95532227,214.4890571535092,721.1179224639626
NEOG,2025-01-16,2,True,418504.05,32141027.54649639,-4840.852412388154,-4127.909336582273
LAKE,2025-01-24,7,True,297174.0,2126341.114244461,-1889.1252169222,-1355.6375628245503
NBBK,2025-01-27,2,True,758165.0,4376692.248687744,-395.0605638667651,89.98840128807444
RLI,2025-01-27,4,True,804974.0,38095579.07512665,866.1409233081065,1351.1898884629459
ALLY,2025-01-29,2,True,1755528.06,140712856.19606018,-836.9158852064634,-262.7304672450309
ASH,2025-02-03,2,True,2211926.56,43747707.5047493,-1525.3256922091473,-885.1347458493664
CTOS,2025-02-03,2,False,65149080.0,4760577.723214626,-1447.8970976593403,-807.7061512995592
BUSE,2025-02-04,2,False,630379.31,8296086.175470352,-649.7143818727502,-9.006634410704262
MUR,2025-02-06,2,False,2693499.1,80580120.87555885,-1531.0103313907505,-936.2516530552165
EL,2025-02-07,2,True,5770426.2,353079350.56411743,-349.2293615176989,232.1283618522929
MRK,2025-02-07,2,False,1577499.9,1395223114.3484879,-241.70162653124606,339.6560968387458
TECX,2025-02-07,2,True,40249941.54,26079714.157915115,-4575.90712031825,-3994.549396948258
BZH,2025-02-10,5,True,749204.22,11195827.66005516,-515.4817861515971,-94.03225032794462
MTCH,2025-02-10,2,True,2152869.6,158613147.2525692,-1341.6906585639695,-920.241122740317
HP,2025-02-11,2,True,1562600.48,57615684.38959122,-2752.8149132800254,-2379.4920893255385
HLIT,2025-02-13,3,True,286142.55,16166303.586931229,-199.42308837949508,192.99699775100322
AMCR,2025-02-14,2,True,2000000.0,196769037.62170792,-557.4089366952758,-49.088433960886164
BHRB,2025-02-14,2,False,513660.0,2198738.9382743835,-768.212383205964,-259.8918804715744
FLNC,2025-02-14,2,False,261500.0,74718426.31203175,-1625.6084470121173,-1117.2879442777278
CMCO,2025-02-18,3,True,436503.5,14462440.63750267,-1190.2425083775495,-748.6455288843965
MBX,2025-02-19,2,False,4041511.2,3751700.0235795975,-312.1781777282706,65.29841913439193
AMTM,2025-02-20,2,False,2178658.0,46519404.50448036,398.5478457211033,719.123473813943
NE,2025-02-20,2,True,573538.8,52547445.767650604,-1683.4860702768794,-1362.91044218404
WYNN,2025-02-20,2,False,2194300.0,270049745.40462494,315.2349685099756,635.8105966028152
CRL,2025-02-21,2,True,1251685.57,171305727.79953003,-1337.7476318893114,-1080.0884068893038
SLDB,2025-02-21,3,False,26089240.2,27627025.797544718,-5087.1030563581035,-4829.443831358096
BHRB,2025-02-24,2,False,561450.0,2531518.635005951,-948.1923977508985,-573.3359285033498
MITK,2025-02-24,2,True,598350.0,5743333.080067635,-296.56479975156543,78.29166949598321
MTDR,2025-02-24,4,True,503411.0,60100502.42681503,-1673.8914019269619,-1299.0349326794133
SEPN,2025-02-24,2,True,6339743.0,7290834.350988865,5446.397133940039,5821.253603187587
PDFS,2025-02-25,2,True,1221445.64,6621387.258853912,-1899.3201023819688,-1513.2703165319322
WWW,2025-02-25,2,True,636414.0,27551605.737953186,615.1942532779249,1001.2440391279614
AMKR,2025-02-26,5,False,94999976.25,42217877.202949524,-1972.115098885309,-1610.8170222186095
FRPT,2025-02-26,5,False,659727.77,176522045.0101471,-2180.8513636180564,-1819.553286951357
TPL,2025-02-26,2,False,355802.09,147467099.65667725,-650.437278915404,-289.1392022487045
OSUR,2025-02-27,4,True,621767.78,3701469.699844122,-1897.0562539592997,-1624.2675990894254
PPTA,2025-02-27,5,False,260858.3,9684263.706641197,7199.383176408064,7472.1718312779385
PRG,2025-02-27,2,False,345016.5,22864665.798215866,414.073226750995,686.8618816208693
RCUS,2025-02-27,2,True,402764.0,13505486.35482788,-1311.94709897387,-1039.1584441039956
SIGI,2025-02-27,2,True,369870.0,49080520.42442322,312.13770318908036,584.9263580589547
SM,2025-02-27,2,True,260340.0,74532780.80623627,-2626.204001988821,-2353.4153471189466
SON,2025-02-27,2,True,1069880.0,41454550.66949844,-52.26318369538553,220.5254711744888
ACDC,2025-02-28,2,False,4348658.16,3153517.583119869,-261.28753843188707,-36.82887157663645
HII,2025-02-28,2,False,274751.5,152737806.33171082,2513.628411132918,2738.0870779881684
GO,2025-03-03,3,True,2435050.0,44270096.03759289,1677.637624306621,1920.8229617601808
JELD,2025-03-03,3,False,1033483.44,8746794.979367256,-3619.067264295602,-3375.881926842042
LINE,2025-03-03,2,False,2453370.48,68355581.69687271,-2972.8631786724436,-2729.6778412188837
TRS,2025-03-03,4,False,763250.28,10035069.679727554,2373.12915334122,2616.31449079478
MBC,2025-03-04,2,False,380634.13,18721544.85558033,-2386.6291584309442,-2114.9709913725137
MRNA,2025-03-04,2,True,6008569.33,415434081.248579,-1970.8112867429684,-1699.1531196845378
NOG,2025-03-04,2,True,1164085.0,56284554.44540024,-375.83663131084853,-104.17846425241794
CLVT,2025-03-05,2,False,354192.66,37602089.277107716,-342.93830750667576,-14.668825630151611
ECPG,2025-03-05,2,True,2106800.0,16065803.00819397,-104.20955157023462,224.05993030628954
FMC,2025-03-05,2,True,2138968.0,168005371.6893959,-262.7856054479632,65.48387642856098
FTDR,2025-03-05,2,True,424850.0,43158414.92164612,3024.704195251045,3352.9736771275693
STRA,2025-03-05,2,False,946833.6,11773264.321899414,700.2032155599388,1028.472697436463
AMRC,2025-03-06,4,True,1338783.84,10720601.41351223,4697.203126475542,4897.875200020751
BLMN,2025-03-06,3,True,1129450.0,29537509.05875206,-1887.7094849956204,-1687.0374114504111
ECAT,2025-03-06,2,False,3512488.4,5440657.956800461,-720.2129193972148,-519.5408458520054
GEF,2025-03-06,2,False,346305.0,9577554.687786102,-610.695738123717,-410.0236645785076
IFF,2025-03-06,2,True,2528860.0,149484910.2899933,-1013.4047902299006,-812.7327166846912
MRP,2025-03-06,3,False,309608.45,149083505.83904266,2367.525063989277,2568.1971375344865
RC,2025-03-06,2,True,521350.0,19228608.05990219,-2072.2092643156902,-1871.537190770481
VAC,2025-03-06,3,False,523127.4,50052053.89614105,-1341.439502408403,-1140.7674288631938
ZD,2025-03-06,7,True,774003.88,21367669.318466187,-2193.091051035206,-1992.4189774899967
CMCO,2025-03-07,2,False,422660.0,21446872.0717144,-2344.100823595886,-2095.5334848298958
CORZ,2025-03-07,2,False,551385.0,142746447.8695178,5908.981914912662,6157.549253678652
PEB,2025-03-07,2,True,297350.0,25311706.820659637,-3086.3032454125864,-2837.735906646596
SRE,2025-03-07,2,False,549294.6,485263809.1363907,386.7311874380828,635.2985262040733
AAP,2025-03-10,2,False,535286.0,123442169.0729332,3276.879726954533,3557.23505263376
ACA,2025-03-10,2,True,618198.3,29231811.575927734,384.05077601431486,664.4061016935417
BHRB,2025-03-10,2,False,464370.0,6006958.186702728,-1160.1600512611526,-879.8047255819258
CE,2025-03-10,4,False,644213.35,244521867.9934311,-830.7258177581356,-550.3704920789088
CTEV,2025-03-10,2,True,276729.36,4367559.692249298,9987.62117632309,10267.976502002317
EVH,2025-03-10,9,True,1345761.2,28857596.035785675,-1884.9496422546229,-1604.5943165753959
SEI,2025-03-10,3,True,717812.0,40144562.49243736,1870.0994723272756,2150.4547980065026
ALIT,2025-03-11,2,False,789004.68,51718841.285303116,-1821.3734719877873,-1637.8576062662364
ELAN,2025-03-11,2,False,483500.0,53088402.17632294,2963.4554624793977,3146.971328200949
IE,2025-03-11,3,True,493025.0,5307264.843182564,2885.3991275906465,3068.914993312197
MEGI,2025-03-11,2,False,4807084.55,2568239.534506798,197.1659699867999,380.68183570835066
MFIC,2025-03-11,2,False,633090.0,7144984.189243317,-633.7258574571164,-450.20999173556555
SSB,2025-03-11,2,False,540178.34,54931440.7478714,-970.8454583147692,-787.3295925932184
UCTT,2025-03-11,5,False,543290.0,18567161.406755447,-2447.39230279986,-2263.876437078309
VG,2025-03-11,2,False,8636592.2,109239305.27241707,4459.092046118192,4642.607911839744
AMPY,2025-03-12,4,False,252500.0,2161516.652202606,-2218.792569755142,-2113.915134489513
CRMT,2025-03-12,2,False,4893210.65,5636117.690887451,439.1084703987938,543.9859056644228
FCNCA,2025-03-12,2,True,856467.5,142085307.13012695,-537.4717583236984,-432.59432305806934
CMTG,2025-03-13,3,True,463429.5,4836214.105601311,-2941.7062109138083,-2798.9129762078946
MPC,2025-03-13,2,False,403140.0,409308430.8279419,1081.6258693199932,1224.4191040259068
NFE,2025-03-13,2,True,2703850.0,56627191.76012993,-7193.6801820000355,-7050.8869472941215
WSC,2025-03-13,2,True,433100.0,113273687.92007446,-1024.6937199722445,-881.9004852663309
BUSE,2025-03-14,2,False,566737.0,12759509.832611084,-390.64545878907904,-185.60557160713094
LUV,2025-03-14,4,False,365780.88,394699026.0096359,-80.32897738865833,124.71090979328976
AFCG,2025-03-17,3,True,868941.12,2047737.491569519,-2245.458168990128,-1954.7511022216916
DK,2025-03-17,4,True,295685.55,31959928.365840912,1502.9089913172734,1793.6160580857097
HRTG,2025-03-17,3,True,280450.0,2295224.2112731934,6942.4105478308975,7233.117614599334
MLYS,2025-03-17,3,False,33699996.0,21728869.10250187,-525.564594772358,-234.85752800392157
CLVT,2025-03-18,2,False,1189516.42,34865609.41951513,-1000.1595956315404,-595.5836651160109
MEI,2025-03-18,2,True,312808.68,4375455.962510109,2621.172831482425,3025.7487619979547
NVRI,2025-03-18,2,True,501437.69,7892992.428178787,2042.581102813838,2447.1570333293676
PSEC,2025-03-18,2,True,11699016.0,11718631.900920868,-2984.767070490384,-2580.1911399748547
WEST,2025-03-18,3,False,1910555.8,2214126.4462590218,-1012.3211790741514,-607.7452485586219
CRGY,2025-03-19,2,False,327478.6,50201301.345090866,-2576.550279797438,-2197.345913577309
GOGO,2025-03-19,2,False,1826920.76,11423579.014232159,5494.953104459972,5874.157470680101
FVR,2025-03-24,2,True,323663.68,3173753.456735611,-1798.3591558925255,-1544.017809770088
IMMR,2025-03-24,2,True,562543.88,3743488.7126111984,-839.6790707697105,-585.3377246472729
MSTR,2025-03-24,3,True,680000.0,5983822203.153915,713.8939683699496,968.235314492387
FG,2025-03-26,2,True,812520.0,11475246.142425537,-1822.9082256796034,-1604.722850072001
IMNM,2025-03-26,3,True,1221179.0,7783053.948326111,860.5245605127978,1078.7099361204002
SAIC,2025-03-27,5,True,389807.05,120897357.02976227,-1281.5909410260228,-930.191740087696
PGC,2025-04-01,3,False,293457.04,2979693.1209373474,-1259.31580059477,-962.5028628633534
SPG,2025-04-02,11,False,415625.6,310655217.2866821,-1516.138810309029,-1503.2335248126794
WGO,2025-04-03,2,False,293849.88,46178745.3540802,-2148.6191637156126,-2068.0852314876947
DOMO,2025-04-04,2,True,1275250.0,3379952.488372326,8935.957936370567,8909.755978339495
EWTX,2025-04-04,2,False,20000000.46,52554347.865571976,-1266.7256464575746,-1292.927604488646
GME,2025-04-07,2,True,10882700.0,377572484.5601368,-3425.349761323237,-3492.666110919635
KYN,2025-04-07,2,False,310136.5,4887035.418601036,-1763.4361775339653,-1830.7525271303632
RGP,2025-04-08,3,True,279295.0,2144539.0048003197,81.04069153298977,-276.0612013983077
DAL,2025-04-11,2,False,601200.0,683853077.1720505,2006.1516996514983,1688.033256396856
ROAD,2025-04-15,2,True,1378110.78,37804338.63166809,1459.1804221508264,1464.561413818314
NEOG,2025-04-24,6,False,441576.74,51909220.0035429,-1703.649371449289,-1863.2736895819785
TFIN,2025-04-24,2,False,409447.62,17141684.211711884,737.9870665771956,578.3627484445061
UPXI,2025-04-25,2,True,2050002.72,58514975.57198644,-7446.181470558892,-7396.702428224522
DOC,2025-04-28,5,True,630564.9,117564447.01953888,-1661.9253433447975,-1611.270043372309
AVTR,2025-04-29,4,False,578625.71,202948973.17509174,-539.1046387590028,-554.7784838679661
TCBX,2025-04-29,3,True,389795.1,2556898.063364029,928.5623672685578,912.8885221595945
BHRB,2025-04-30,3,False,398470.0,2087870.1003456116,-740.4295604510743,-723.100154509337
LUV,2025-04-30,2,False,467777.97,425939028.7419796,-381.99430338856865,-364.6648974468314
MBIN,2025-05-01,2,True,279379.44,6406666.327924728,-1393.4014443830422,-1250.3686801574454
MTDR,2025-05-01,4,True,533350.0,112874020.00160217,1159.6261718135559,1302.6589360391526
FTAI,2025-05-02,2,True,907733.0,199492876.5119934,3975.0756974948786,4163.965170541517
SON,2025-05-02,3,True,1144380.72,42219763.60452652,-1247.982232007668,-1059.0927589610296
UTZ,2025-05-05,4,True,354344.14,20388678.029994965,265.36194431783065,468.9495384505854
ALMS,2025-05-06,4,False,2084211.98,2460614.9431777,-2651.1959535437963,-2533.479933253419
BNL,2025-05-06,7,True,887217.03,24346207.87788868,-1021.5103339204917,-903.7943136301146
OGN,2025-05-06,2,True,400088.0,75159949.90404606,-731.606576307609,-613.8905560172318
CHDN,2025-05-07,2,False,371240.0,104713098.58650208,-37.8673880819673,97.73315095706184
LINE,2025-05-07,2,False,703041.6,57637805.5891037,-1318.7999447663237,-1183.1994057272946
NEO,2025-05-07,3,True,261500.01,25484984.728298187,-4291.625221314696,-4156.024682275667
PEB,2025-05-07,2,True,600430.0,21936620.656104088,-537.2735983546813,-401.67305931565215
HTLD,2025-05-08,2,True,4256723.07,4844203.64979744,-1915.337603808061,-1686.1102969071933
RGR,2025-05-08,4,False,506224.0,6782622.63874054,-1852.548171187945,-1623.3208642870773
HTGC,2025-05-09,6,False,555913.83,19308497.499170303,-100.96582488087411,168.14807379230703
ONEW,2025-05-09,2,False,952097.08,2273851.24519825,-423.86883932962417,-154.754940656443
PRAA,2025-05-09,2,False,314695.7,7865303.992843628,-169.06399012685299,100.04990854632814
VSTS,2025-05-09,2,False,537228.86,19298314.890408516,-3262.1715933976416,-2993.0576947244604
CHCO,2025-05-12,2,False,271440.0,7186302.532844543,-1178.9130562408152,-881.4211466126415
LUCK,2025-05-12,3,True,431320.16,2979733.736205101,-933.971812707634,-636.4799030794603
MAGN,2025-05-12,2,True,587052.75,8637657.056274414,-2495.5950805576476,-2198.103170929474
OFIX,2025-05-12,3,True,1406693.8,4722532.28887558,-1104.1704761209717,-806.678566492798
ENR,2025-05-13,3,True,431930.0,24467321.38133049,1161.127289267731,1331.254353850015
LGND,2025-05-13,2,True,1156533.72,11481995.746498108,2745.880941443738,2916.008006026022
STGW,2025-05-13,2,True,1003698.28,4908710.796699524,-1139.659977023319,-969.5329124410351
VSH,2025-05-13,7,True,413290.3,27001753.345685005,-1602.6492930694392,-1432.5222284871552
ACDC,2025-05-14,2,False,544032.36,3941063.3288002014,-409.4721636462194,-422.4235532030406
CHD,2025-05-14,2,True,1528445.2,250836962.42298126,-1031.634556109772,-1044.585945666593
COLD,2025-05-14,2,True,2158000.0,52809086.61851883,-2647.9848201399427,-2660.936209696764
CVRX,2025-05-14,3,True,1009237.77,2829741.8528819084,2710.3999877855854,2697.4485982287642
ILMN,2025-05-14,2,True,1494055.44,144145511.06033325,1238.0414310457165,1225.0900414888954
MIDD,2025-05-14,2,False,65845206.18,136396613.8525383,-2153.268821966205,-2166.220211523026
PRG,2025-05-14,2,True,536705.0,13687001.2088871,217.1268030426779,204.17541348585672
IFF,2025-05-15,2,True,2150588.0,135379085.84632874,-2179.17165141107,-2344.4380323603573
MYO,2025-05-15,2,True,390092.75,2095951.0381686687,-7810.1371065042995,-7975.403487453586
TXO,2025-05-15,4,False,44595540.0,4068053.6837482452,-1356.7493072343905,-1522.0156881836776
AESI,2025-05-16,3,True,715300.46,25109646.737980843,-2355.6465419476817,-2435.5588916653564
RPAY,2025-05-16,2,True,1806974.33,8171760.827138424,2353.550725741164,2273.6383760234894
UNH,2025-05-16,5,True,31607768.4,6842469230.812683,-1971.8056669871637,-2051.718016704838
VYX,2025-05-19,2,True,497358.97,18941884.992039204,802.8170283021655,792.8470487754715
BBDC,2025-05-20,2,True,345504.29,3449942.7698135376,-661.0120309389521,-842.0080940012097
NEWT,2025-05-20,5,True,305926.0,3376123.8028240204,-319.8457931012759,-500.84185616353346
TRS,2025-05-21,3,False,9171146.55,13203145.456829071,3037.8831756719364,2878.248873352563
KINS,2025-05-22,2,True,256860.0,9193021.325669289,-2593.1643258160275,-2702.4207188618852
MRP,2025-05-22,2,False,710375.0,26800365.306854248,639.6770457486648,530.4206527028068
PENN,2025-05-22,2,True,648100.0,57611507.12548733,1694.3804672900865,1585.1240742442285
ABR,2025-05-23,2,True,1982476.29,49240346.01196766,953.6702970048858,825.1137467383049
FIP,2025-05-23,2,True,2716600.0,6703254.494156837,-2910.775703486713,-3039.332253753294
PEB,2025-05-23,2,True,603387.58,20599925.217690468,152.4994105973837,23.94286033080284
PROP,2025-05-23,2,False,511103.0,2511797.949911356,-5537.6670412053145,-5666.223591471895
SEI,2025-05-27,2,True,271300.0,37705667.994737625,-1000.3423271117031,-1447.3353994027207
VFC,2025-05-27,3,True,2198403.2,118278391.5072298,-946.4056577181742,-1393.398730009192
XRX,2025-05-27,4,True,364254.0,23102576.67131424,-3197.39097842917,-3644.3840507201876
MCY,2025-05-28,2,False,992115.0,21315095.62681198,1205.2154226836763,820.569314709105
GBDC,2025-05-29,2,True,183374725.18,18602650.771074295,-1294.9538035724302,-1773.1131893409697
SHEN,2025-05-29,2,False,1166851.66,3860000.2590179443,-432.20838007739843,-910.367765845938
MAGN,2025-05-30,2,False,403041.4,10544330.055003166,-843.936139953841,-1403.7609489839992
MATV,2025-05-30,2,True,289200.0,2927498.227365017,8086.819579588016,7526.994770557858
BUSE,2025-06-02,3,False,276335.0,9574466.73822403,58.111932931522034,-356.38363057155686
SBET,2025-06-02,2,True,349977.6,231133097.82738787,-7707.832959457535,-8122.3285229606145
PATK,2025-06-04,2,False,253713.89,22250289.01992798,1904.1786542566042,1483.7908295589875
AMPY,2025-06-06,2,False,1026890.0,2149018.1209754944,138.1242378069926,-126.20596060750042
STGW,2025-06-06,3,False,2996280.89,8801801.180250645,936.0079294047771,671.6777309902841
APPF,2025-06-09,2,False,5648973.5,49431239.29962158,1966.009184108729,1613.9176642818643
QTRX,2025-06-09,2,False,1639802.93,3506672.1626591682,-2766.381989487643,-3118.4735093145077
ICFI,2025-06-10,2,False,273775.0,15346637.428207397,150.14146060683368,-212.9401867899032
SPWH,2025-06-11,2,True,276126.26,2336395.83471179,-3104.915876180637,-3464.6198964483187
BY,2025-06-13,6,True,1325299.31,5721059.043569565,289.1690621633862,-223.84565764667477
CABO,2025-06-13,3,False,1004396.88,35237465.089035034,1869.0283638363965,1356.0136440263354
HPP,2025-06-16,14,True,2564983.91,17275403.0460608,-804.167210094334,-1230.4768680336372
OXM,2025-06-20,2,True,674580.0,24679323.04512024,280.16448628041144,-16.883040488864797
RZLT,2025-06-23,2,False,4009996.25,3409333.027935028,8593.075342357992,8091.361032142759
AMPY,2025-06-24,2,False,833735.92,3563371.173888445,2196.1914202730145,1665.1900747470534
GIII,2025-06-25,2,False,601961.08,25751994.11628723,1006.0066480067392,559.0594027856316
KYMR,2025-07-01,2,False,42797348.0,61710349.98188019,1869.2696728324804,1617.1640118847636
SPG,2025-07-01,10,False,380065.94,250087290.57395935,566.7709632679425,314.66530232022575
CIVB,2025-07-15,8,True,260142.5,2275819.60852623,-1190.5610657625732,-1529.434035408076
HELE,2025-07-15,2,True,416000.0,26885604.66873169,-1192.2430264925993,-1531.1159961381022
PRGS,2025-07-24,2,True,353806.5,79956690.58748245,-1607.522952939506,-2130.524506890807
SFNC,2025-07-24,10,True,1716707.5,33442599.387931824,-1495.724250713275,-2018.7258046645761
UPXI,2025-07-24,2,True,867768.42,70971830.5442822,-1589.5696114255056,-2112.5711653768067
SIGI,2025-07-25,2,False,259141.64,46953387.81543732,22.88308884992346,-458.25599766047026
MSTR,2025-07-29,7,True,21856950.0,5157121115.94223,-3438.6716716762367,-3972.8140919908683
EPD,2025-07-30,2,False,975050.0,128593863.24872017,-738.5529190660483,-1393.1792808382095
ALGN,2025-08-01,2,True,1000773.96,272969583.964386,-1459.9554438348468,-1904.7263199035567
FBIZ,2025-08-01,2,False,525870.0,2384100.300426483,-478.42277595400896,-923.1936520227187
PRME,2025-08-01,3,False,29999970.0,23753174.381150007,72.79887461905236,-371.97200144965734
TROX,2025-08-01,3,True,473112.0,17114326.905555725,-257.08015997682855,-701.8510360455382
UPS,2025-08-01,2,True,1433296.94,680888055.2416611,353.90718957780996,-90.86368649089974
CHTR,2025-08-04,2,True,1100992.6,779861162.7342224,-1756.114772877781,-1986.7068525280633
PNFP,2025-08-04,4,True,1047078.82,167231238.75507355,-1379.2312369500064,-1609.823316600289
SSB,2025-08-04,2,False,555570.78,97422919.58152771,-1578.5835230962316,-1809.1756027465142
AMKR,2025-08-05,5,False,48243598.25,53995138.05304527,3447.41769917898,3089.673800558654
MBIN,2025-08-05,2,True,579311.35,6916560.311489105,-802.8241310692423,-1160.5680296895687
BRBR,2025-08-06,3,False,295096.87,166020016.84278488,-3177.520410458133,-3590.1176542471453
NSP,2025-08-06,7,True,925989.35,34160890.47815323,-2663.355937801014,-3075.9531815900264
KMPR,2025-08-07,4,False,394425.0,47023040.80013275,-2268.553790040806,-2684.2706804927975
TFX,2025-08-07,5,True,633590.0,65310199.75891113,-287.34505257276055,-703.061943024752
VRTX,2025-08-07,2,True,5844183.38,788860741.8997192,529.9539716043212,114.23708115232967
BRO,2025-08-08,2,False,341324.18,364926670.5078888,-2245.960339646582,-2577.840572413155
IFF,2025-08-08,2,True,1994895.0,150410323.19595337,-1008.8097767486196,-1340.6900095151923
PTLO,2025-08-08,3,True,1514480.0,32600042.090821266,-4564.789389459214,-4896.669622225787
AMRZ,2025-08-11,2,True,691547.01,143995334.78277206,270.9212827527609,25.912064020943287
CHD,2025-08-11,2,True,676814.42,223142566.34716034,-1134.1888374585383,-1379.198056190356
FCNCA,2025-08-11,5,True,2383228.44,218961979.69909668,-939.8394183256845,-1184.848637057502
ICHR,2025-08-11,2,False,521920.0,17073853.616781235,-751.8144174454433,-996.8236361772609
LINE,2025-08-11,2,False,1146424.39,52280831.757678986,-1350.6412348839278,-1595.6504536157454
SONO,2025-08-11,5,True,6332937.57,23534228.19416046,3510.0041088695116,3264.9948901376943
TNDM,2025-08-11,2,True,251710.8,34283429.88164425,2606.715429512131,2361.706210780313
AKAM,2025-08-12,2,True,3829886.28,148287219.56378937,-365.5734247238975,-366.2601930256539
CTEV,2025-08-12,2,True,549193.31,5844881.83631897,-1241.000555393691,-1241.6873236954473
LLY,2025-08-12,5,True,2894853.31,4151638025.6988525,3965.6983141543174,3965.011545852561
NMFC,2025-08-12,2,True,273665.0,4393916.95245266,-1320.8025348239994,-1321.4893031257557
ALKT,2025-08-13,2,False,59383757.6,37722360.13244629,-2037.8077532966743,-2220.1529401175326
MSDL,2025-08-13,3,True,449032.71,12931686.020507812,-1204.914099523847,-1387.2592863447053
AAOI,2025-08-14,3,True,1000938.0,119309619.23095703,1019.6535121264535,866.162176206516
AMPY,2025-08-14,2,False,1603845.14,3044712.6430547237,3204.9006827528233,3051.4093468328856
CROX,2025-08-14,2,True,403192.05,226985657.7653122,-1823.7945507459551,-1977.2858866658926
ESTA,2025-08-14,2,True,277620.0,18174524.056186676,7018.728400296409,6865.237064376472
KODK,2025-08-14,2,True,343700.0,10686779.08447504,3539.0336810533295,3385.5423451333922
PRMB,2025-08-14,2,True,497930.2,176326007.3170185,-4302.01029234855,-4455.501628268488
UA,2025-08-14,2,False,503000.05,24515885.72664814,-2680.8604288743404,-2834.3517647942776
RHP,2025-08-15,2,False,1010513.31,63518873.990478516,-627.6058940503173,-724.635575749525
ACDC,2025-08-18,2,False,20000000.0,6670886.785908937,-1035.6602955936705,-1125.1993803059129
CE,2025-08-18,4,False,306139.11,127382343.37205887,-1804.6022682328644,-1894.1413529451067
EXE,2025-08-18,2,True,423970.0,386900834.3293381,2241.9250480702644,2152.3859633580223
ENOV,2025-08-20,2,True,363275.0,35271226.657361984,-558.5986789591105,-495.54040374044683
KYN,2025-08-20,2,False,317810.0,4212099.403710365,-766.7986078761288,-703.7403326574652
PRGO,2025-08-20,2,True,269207.5,46271471.544981,-4744.5898162459125,-4681.531541027249
SHEN,2025-08-20,3,True,965565.68,4608102.507472038,-2394.645281145299,-2331.5870059266354
STRZ,2025-08-20,2,False,255050.0,2363361.0150384903,-3060.323795092308,-2997.2655198736443
TPVG,2025-08-20,2,True,1322960.72,2443621.405622959,-1029.6518612739303,-966.5935860552668
FVR,2025-08-21,3,True,330572.1,2357404.667315483,236.3595686248321,640.0158032534731
OPCH,2025-08-21,4,False,1575622.5,54155600.246658325,-607.8597987859429,-204.20356415730188
INR,2025-08-22,2,False,791072.46,4307979.567928314,-1351.6206939446852,-1125.2922847368486
TPL,2025-08-22,2,False,274488.99,135699841.37512207,-251.51049485935798,-25.182085651521373
TPVG,2025-08-22,2,True,881230.8,2448882.4575304985,-1054.349221329071,-828.0208121212345
WU,2025-08-25,2,True,1644530.3,83927407.04339027,-390.9270924715335,-83.85941425663394
COTY,2025-08-26,2,True,1134400.0,43556915.01933098,-2106.552086907748,-1725.8289721262379
EBC,2025-08-26,2,True,1243290.84,19922573.492617607,164.51040197011713,545.2335167516276
LKQ,2025-08-27,2,True,338323.5,132025388.53879929,-1004.6497023926373,-822.6051463558962
EMN,2025-08-28,10,True,1825343.55,130027857.5573349,-2063.43268197709,-1897.4603797954114
COO,2025-09-02,2,True,295282.0,191296335.9978485,1160.9401429762872,1135.9386738077853
NIQ,2025-09-03,2,False,678280.0,19989492.31212616,-1414.4670113078976,-1400.4906569434042
REZI,2025-09-03,2,False,2577132.51,64579226.76281929,-1031.9498228688801,-1017.9734685043868
MLYS,2025-09-08,2,False,44999977.5,60487095.343670845,128.88210665271612,105.34580693709536
SEI,2025-09-09,2,True,298300.0,47956359.25690651,10403.56162304789,10246.027596866048
SFD,2025-09-09,7,True,42646382.25,40151479.43368912,-1307.269151711995,-1464.8031778938375
FRPT,2025-09-11,4,False,259656.0,82412502.26675034,1274.8097856500692,1147.9286313055134
SMMT,2025-09-11,2,True,11969511.84,102948979.70600128,-1039.9892570331456,-1166.8704113777014
RAPP,2025-09-15,3,False,1605598.54,38292868.63314152,632.8269519080131,356.83271130161233
BUSE,2025-09-16,2,False,288004.8,10859524.78504181,-315.8867997467514,-652.5049812910017
NEXT,2025-09-16,2,True,5664910.0,38307152.69835472,-2346.5120400702112,-2683.1302216144613
NMFC,2025-09-18,2,False,1542430.48,5437145.403914452,-790.966619051904,-902.7182226973708
WSBC,2025-09-18,13,True,1440000.0,13073677.482748032,533.0551481859388,421.303544540472
MRVL,2025-09-25,4,True,2109632.0,1999424406.8729973,-106.04149220704126,-265.53227780180595
WOR,2025-09-26,2,False,531898.95,18894473.451766968,-790.2530312675112,-857.3250967317312
RIG,2025-09-30,3,False,36600000.0,136612805.59946537,2379.9014827172277,2338.6641667916124
PEPG,2025-10-01,2,False,30640000.0,45561447.776928544,2315.9932850739174,2354.232889028599
SPG,2025-10-01,10,False,394399.95,355354526.9522095,-219.26010081556217,-181.02049686088043
ADC,2025-10-06,2,True,274688.64,61949748.07765961,19.678829303676967,40.435951334176146
BGC,2025-10-06,3,False,247943911.23,30043241.827015877,-642.4691777927261,-621.7120557622269
KMX,2025-10-06,2,False,590947.36,269481684.49172974,-1848.1991669388267,-1827.4420449083275
ZBIO,2025-10-09,3,False,11778149.8,6751678.465337753,-5000.492367152962,-5184.565926808413
HEI,2025-10-14,8,True,1317222.0,92017549.02389526,707.8660108825079,712.5171361903963
REFI,2025-10-16,5,True,579929.5,2147209.8208618164,-726.9814281104528,-1148.717624629602
MBX,2025-10-21,2,True,537800.0,23793201.694402695,17094.804413444333,16450.593007989828
SMMT,2025-10-23,3,True,10999948.98,77811174.68826294,-1467.614795184695,-2110.6763760436984
EBC,2025-10-29,2,True,1200100.0,77077521.2768364,1609.3891236852628,1085.1888533187478
OBK,2025-10-29,9,True,728633.56,5373743.692378998,1341.6931969393613,817.4929265728465
WDFC,2025-10-29,4,True,323053.82,29183080.32058716,1017.1472723847386,492.9470020182236
EG,2025-10-30,2,False,4448369.3,119510868.35220337,320.20850384208813,-200.244542659302
FMNB,2025-10-30,2,False,1022675.67,2141845.4055929184,-403.8978805660247,-924.3509270674148
MRP,2025-10-30,2,False,325625.0,49149788.29301834,-1046.3745101432041,-1566.8275566445943
SON,2025-10-30,2,True,909660.45,62105407.61594772,2033.697690603865,1513.244644102475
CLVT,2025-11-03,2,False,7343800.0,12993261.489071846,-3130.758581106107,-3701.8676352134776
IRDM,2025-11-03,2,True,871300.0,58227069.91061211,462.1981808053588,-108.91087330201165
KMI,2025-11-03,2,False,26072462.62,401814599.67458725,1063.012873835881,491.90381972851054
MTDR,2025-11-03,5,True,672939.8,99387789.35552597,878.0720861649485,306.96303205757806
NIC,2025-11-03,2,True,375001.6,15131411.475143433,1939.8713485403432,1368.7622944329728
VRSK,2025-11-03,3,False,314662.5,359309192.27531433,-564.0387639817499,-1135.1478180891204
AMRZ,2025-11-04,2,True,6010700.0,164324227.4398613,386.6846716903856,-176.6941889495681
UTZ,2025-11-04,6,True,1475072.94,13678620.328526497,-650.3453646110702,-1213.7242252510239
OSPN,2025-11-05,2,False,622260.0,6253917.361965179,-2066.978537046963,-2669.265262291577
SXT,2025-11-05,2,False,291167.0,41753206.101379395,-460.5749385871784,-1062.8616638317924
BBT,2025-11-06,4,True,267037.1,21808319.329805374,1619.2739807775977,1129.83274495668
GBCI,2025-11-06,5,True,364477.43,47691491.52513504,2493.9054993695936,2004.464263548676
NCLH,2025-11-06,3,True,912120.55,400906013.4885216,1636.235421286807,1146.794185465889
OHI,2025-11-06,2,True,1356955.0,74614666.32167816,359.4331019328169,-130.00813388810082
ITGR,2025-11-10,3,True,384760.0,144608423.18374634,2126.1087083561083,1359.4739498806598
KREF,2025-11-10,4,True,616807.0,6694855.294203758,-1339.3649944145775,-2105.999752890026
LENZ,2025-11-10,2,True,289320.48,42140512.971134186,-4224.926921481735,-4991.5616799571835
SLGN,2025-11-10,2,True,305440.0,61279604.59072113,2448.888123672269,1682.2533651968208
WWW,2025-11-10,3,False,524572.5,52107654.93646145,662.7827801663268,-103.8519783091217
AMCR,2025-11-12,3,True,1664196.78,220144271.1352501,1375.294157805307,482.4655061011751
BLMN,2025-11-12,2,True,966555.0,15373901.777074337,-30.01307028830887,-922.8417219924406
CRTO,2025-11-12,2,False,259572.52,10468677.3610878,-2140.8212098194267,-3033.6498615235587
DKNG,2025-11-12,2,False,1060200.0,618810470.1224422,-1819.307261102743,-2712.1359128068743
FRSH,2025-11-12,2,True,3985857.3,41275669.62080479,-4270.600316045164,-5163.428967749295
FSK,2025-11-12,2,True,306500.0,35997981.33529186,-1765.7944173985647,-2658.6230691026967
LINE,2025-11-12,3,True,3337960.0,42403643.881435394,1150.178720111863,257.3500684077312
PRMB,2025-11-12,2,True,328596.1,143085737.32931614,1456.8454438001072,564.0167920959755
RHLD,2025-11-12,2,True,1165819.21,9106622.838859558,1303.3609897885485,410.53233808441666
ROP,2025-11-12,2,True,5063212.0,536907418.1559753,-2968.4552622842634,-3861.2839139883954
RXO,2025-11-12,2,True,400631.96,33378227.714924812,3018.182795162908,2125.3541434587764
SG,2025-11-12,2,True,1099491.75,47124909.68681812,-1290.1325943564807,-2182.961246060612
TAP,2025-11-12,2,False,450760.15,124063303.3763504,1239.2379405217996,346.40928881766786
WEST,2025-11-12,3,True,570127.82,2152168.848593235,2011.6405639248771,1118.8119122207454
BX,2025-11-13,2,False,2058470.33,675505713.0057526,-798.9264612646238,-1588.844371969755
CRC,2025-11-13,2,True,281056.15,38954328.68080139,1173.2284863908333,383.3105756857019
FTAI,2025-11-13,2,True,1332297.56,240355765.9829712,7681.021603884323,6891.103693179191
GEF,2025-11-13,2,True,1448421.92,11814954.201507568,2171.2181033198367,1381.3001926147053
RDW,2025-11-13,2,True,274645.05,47361198.57682943,4403.553720605794,3613.6358099006634
REZI,2025-11-13,2,False,53222128.94,72250347.87182808,1224.77059020278,434.8526794976487
RGP,2025-11-13,2,False,904200.0,2253860.6995797157,-1855.0926940692439,-2645.0106047743748
ACVA,2025-11-14,2,False,5618954.79,39085412.130703926,190.370750455444,-865.5415449729211
TBBK,2025-11-14,2,True,446570.15,46267687.59698868,-823.6397016600929,-1879.5519970884577
VAC,2025-11-14,4,False,1710010.0,36845484.52785492,1146.9949777013119,91.08268227294685
BHVN,2025-11-17,3,True,32999992.5,57861581.98369503,3488.7001772639683,2567.113537918353
CELH,2025-11-17,2,False,652632.94,381513334.6308136,510.76619350838763,-410.8204458372275
ABR,2025-11-18,3,True,531576.4,41621800.160102844,-1781.2497957342346,-2733.3600441594276
CTEV,2025-11-18,2,False,391475.0,11189943.970413208,-5075.142188716899,-6027.252437142092
MNR,2025-11-18,2,False,1054626.3,4680154.80155468,644.2308059672247,-307.87944245796837
ALMS,2025-11-19,4,False,12263979.99,4211381.83275938,29219.39105151271,28159.98512597152
ARX,2025-11-19,2,True,1073672.8,15567333.102097511,-2821.660197280914,-3881.066122822102
CNH,2025-11-19,3,False,700182.14,135775423.41481686,2598.894252626822,1539.4883270856342
OBDC,2025-11-19,3,True,1367590.0,69107388.11487198,-1097.235097352628,-2156.641022893816
AISP,2025-11-20,2,True,321180.0,3549080.8879315853,-2636.3479688966663,-3406.387902495389
CNS,2025-11-20,2,False,7479291.83,26602100.601825714,574.7468271255196,-195.2931064732033
MSM,2025-11-20,2,False,2543908.44,63301075.048942566,618.5955802904045,-151.4443533083183
RHLD,2025-11-20,2,True,634293.06,11654033.633766174,790.3978631208424,20.357929522119566
EVLV,2025-11-21,2,False,363326.0,20295253.853600025,-2045.7794072345084,-2699.785249103893
BBWI,2025-11-24,4,False,500468.52,187586985.73093414,4429.161096112055,3869.3592732471234
PENN,2025-11-24,2,True,385873.85,61742448.16887379,-942.5986430546441,-1502.4004659195755
QDEL,2025-11-24,2,True,523920.0,41828548.83360863,-2174.6620223300115,-2734.463845194943
UTZ,2025-11-24,3,False,1028638.29,19015813.13664913,-82.73244853549818,-642.5342714004297
HSY,2025-11-25,2,True,408158.0,383531321.95961,1944.3102846734023,1443.7464641553127
J,2025-11-25,3,True,335877.64,171108639.55436707,-349.5264338188987,-850.0902543369883
RIG,2025-11-25,3,False,18090000.0,181663095.294106,5036.39930773716,4535.835487219069
RPD,2025-11-25,4,True,3143620.0,20306209.4546175,-6152.049650783659,-6652.613471301748
TPC,2025-11-25,2,True,2870338.9,34003564.354515076,2550.761903922641,2050.198083404551
VVV,2025-11-25,2,True,452790.0,71633898.0784607,1835.5918120122872,1335.0279914941975
ADTN,2025-12-01,3,True,449754.03,15664212.967751026,2193.521596215044,1504.3958866693872
ALIT,2025-12-01,4,False,446693.24,32211492.75703144,-6306.0054833683525,-6995.131192914009
GSHD,2025-12-01,2,True,512501.0,19649158.929519653,-2950.550522786536,-3639.6762323321927
FISV,2025-12-02,2,True,1560171.0,700976683.8565254,-262.6121262787184,-699.636405435422
ENR,2025-12-03,3,True,449240.0,32605467.124786377,79.22185287357522,-304.6922189850046
OWL,2025-12-03,4,True,7142132.9,227295320.4842329,-3543.29710471442,-3927.211176573
MSBI,2025-12-04,4,False,285113.62,2936132.0583963394,955.003725009068,652.2618787620559
VSTS,2025-12-09,2,True,1091462.66,19339370.363049507,919.6162973172407,825.4092248799527
CE,2025-12-12,2,True,363192.0,82235754.55320358,3249.8260608407795,3190.903851840419
FSSL,2025-12-12,2,False,251193.32,19865725.751037598,-869.2979574207641,-928.2201664211245
ELAN,2025-12-15,3,True,724883.0,110990316.50198936,503.70692690112406,397.9761958572936
MIDD,2025-12-15,2,False,15096726.83,105409204.0242035,-428.00521378472865,-533.7359448285591
COO,2025-12-16,2,True,907322.5,292678304.09885406,-1307.5094056373903,-1430.250236353119
AMR,2025-12-17,2,False,23490356.25,44932816.326828,-53.13059377643172,-167.30271568808266
BFLY,2025-12-17,2,False,635141.28,18483267.944635153,2126.763660672786,2012.591538761135
SAIC,2025-12-17,3,True,311171.0,70900946.72962189,-423.0821647821245,-537.2542866937755
SEI,2025-12-18,2,True,349239.81,149270021.9347191,5022.3472859349495,4842.877845458685
NAVN,2025-12-19,5,False,38681240.4,21644822.706742287,-3808.8666186265564,-3890.3563384445374
BRR,2025-12-22,3,True,1128160.0,10487537.578862906,-1182.6502403928596,-1472.5524761103516
IMNM,2025-12-22,2,True,1353939.94,56337209.620399475,-89.9423925775021,-379.844628294994
KYTX,2025-12-22,2,False,1999995.0,21878549.361011982,102.86294681543497,-187.03928890205688
VSTS,2025-12-22,2,False,7046839.0,24611669.605283737,841.1129057785888,551.210670061097
XZO,2025-12-22,3,True,637329.0,3723252.8352737427,-3101.12373751489,-3391.0259732323816
NKE,2025-12-23,2,False,3448580.14,1266410947.3518753,-414.07786607730395,-797.3971892386126
SPG,2026-01-05,10,False,407712.0,255569271.83944702,836.0408909928576,503.00684626022803
WBI,2026-01-07,4,True,263841.53,10613432.80842781,4364.423485903794,4132.65964558998
SRZN,2026-01-08,2,False,600678.0,2205136.131477356,3235.782573845522,2966.356074497773
ALMS,2026-01-12,3,False,20999964.0,84807612.55483627,1218.2217356669282,1013.8712966165313
MSTR,2026-01-12,2,True,780599.88,3116904235.9630585,-2004.848958780494,-2209.199397830891
ADC,2026-01-13,2,True,1730980.0,98408618.64059448,877.3642723526748,744.2257238296285
AIRJ,2026-01-20,3,True,774998.25,2614372.887533903,-819.2201049292139,-756.6309050083944
GME,2026-01-22,2,True,21870360.0,110206555.5386734,313.2834878223351,162.44102436275554
RLI,2026-01-23,2,True,403230.0,44612992.16667175,-458.42491453505244,-665.1744061725692
STEX,2026-01-26,2,False,284408.33,3425299.203584194,-7629.037317150304,-7850.277797063245
ALLY,2026-01-28,2,True,1491288.22,159841222.1378708,-3.1245446537327832,-221.51449676064715
THM,2026-01-29,2,False,46999999.62,4873116.59309268,-2262.14735534527,-2526.364667885683
USAR,2026-01-29,2,False,2173380.0,512535860.1591158,-364.23235431566184,-628.4496668560753
CR,2026-02-02,4,True,987470.02,97869157.22763062,-1072.3340074727248,-1227.92333849162
IP,2026-02-02,2,True,3008250.0,310800349.7951126,-3031.7158861953376,-3187.3052172142325
TCBI,2026-02-02,2,False,285800.0,42202010.436668396,-719.4338941302458,-875.0232251491408
WS,2026-02-03,2,False,374145.0,10784966.464805603,-1925.9428713077016,-2143.8479530233117
CVCO,2026-02-05,3,True,866594.0,151460697.9020691,-1225.7542462241058,-1407.587606547033
GEF,2026-02-05,2,True,1653485.38,15444221.655349731,-1464.7501825421605,-1646.5835428650876
ARCC,2026-02-09,3,True,415722.94,129570677.93780327,-910.9886577735338,-945.7555189717925
RAL,2026-02-09,4,False,329209.65,100804319.37944412,241.33581116606948,206.56894996781068
BMI,2026-02-10,2,False,752530.2,77009963.02024841,-3018.460777324872,-3084.016357516264
TBBK,2026-02-10,2,True,483930.0,44647819.72824097,-1297.0563214267795,-1362.6119016181715
VRNS,2026-02-10,4,True,1178309.85,124747811.79175377,-438.1330880021726,-503.6886681935647
MMS,2026-02-11,2,True,324710.95,63473855.33504486,-3012.548992114658,-3154.438224200124
BSTZ,2026-02-12,2,False,940462.64,6922163.840389252,1244.9212464176944,1326.9024864687667
CHRW,2026-02-13,4,True,501641.17,563202422.2319031,-1797.1870642097224,-1672.698957118868
QDEL,2026-02-13,3,True,567972.8,34292881.231212616,-6283.872258833362,-6159.384151742507
TENB,2026-02-13,2,False,357765.0,66280526.33356094,-1948.197503421834,-1823.7093963309796
ZBIO,2026-02-13,2,False,1084408.1,16680815.177907944,-4096.107936794494,-3971.6198297036394
WTW,2026-02-17,2,False,1064145.26,334919912.3712158,-2570.342030745254,-2443.712500647559
KKR,2026-02-18,3,True,30121046.3,858959004.8741531,-1389.9573065808208,-1082.2641696832764
HTGC,2026-02-19,2,False,415808.45,44136433.07371616,-870.4927317353344,-585.8808529512031
NDAQ,2026-02-19,2,False,16794320.0,539347995.504837,567.8038852873518,852.415764071483
MSCI,2026-02-20,2,True,5559794.81,470259387.23709106,-185.8413144570919,86.26470469034815
WY,2026-02-20,2,False,615400.0,194392373.0497074,-1851.341282687946,-1579.2352635405061
AVTR,2026-02-23,2,False,1398000.0,159446918.90724182,-1995.48074540716,-1839.4188435841252
VERX,2026-02-23,2,False,5636339.2,50197383.602519035,138.88378259377902,294.9456844168137
BLCO,2026-02-24,3,False,416870.0,7095533.9121723175,-2268.7063255619487,-2230.4881895094118
HLNE,2026-02-24,4,True,3217604.4,84539352.05890656,-2426.717836273449,-2388.499700220912
VRSK,2026-02-24,3,False,449280.0,478308648.7678528,-1931.9227668092237,-1893.7046307566868
TYL,2026-02-25,2,False,694154.8,341596790.32318115,-1701.1081079194057,-1602.9569480076889
PODD,2026-02-26,2,True,1529051.9,297327536.93840027,-4784.128551478835,-4955.6173659885035
ABCL,2026-02-27,2,True,725976.39,14195223.348462582,4574.487227378568,4501.296002819066
AMH,2026-02-27,3,False,269120.0,127705835.67934036,-163.7590790699714,-236.95030362947261
POOL,2026-02-27,2,False,1515974.2,239155289.26322937,-2677.8393043091664,-2751.0305288686677
REXR,2026-02-27,3,True,486803.8,110059417.02417374,-1188.328861810324,-1261.5200863698253
TPL,2026-02-27,2,False,460319.38,288414884.92111206,-3420.4362046847705,-3493.6274292442713
CTEV,2026-03-02,3,True,638682.5,5240757.38047123,4863.419731059539,4690.243711458888
LRMR,2026-03-02,4,False,25550000.0,44055946.93660498,-4911.07408667491,-5084.250106275562
PVLA,2026-03-02,2,False,800000.0,45389007.673568726,-2261.944660218253,-2435.1206798189046
TNC,2026-03-02,3,True,1261662.0,15304125.486946106,2924.6990659905096,2751.5230463898583
CSGP,2026-03-03,3,True,3432194.4,383165579.41782,-4193.299146296697,-4247.1687337721405
KKR,2026-03-03,3,True,10840086.0,1094185788.266182,-597.9632388273336,-651.8328263027773
LAW,2026-03-03,3,True,3463973.0,2499281.439268589,-1807.060013322956,-1860.9296007983994
MSDL,2026-03-03,3,True,265430.0,15316389.586467743,-705.2165966566706,-759.0861841321142
NMFC,2026-03-03,3,False,2936120.24,12500059.751532078,-1289.7237739008285,-1343.593361376272
SKWD,2026-03-03,3,True,1194050.23,26288906.807460785,-1952.3892752274662,-2006.25886270291
TSLX,2026-03-03,3,False,334015.6,28897261.23304367,-1598.4843863482142,-1652.353973823658
XRAY,2026-03-03,2,False,774912.1,77509236.5811491,-3492.697548560363,-3546.5671360358065
EOSE,2026-03-04,2,True,435600.0,259596839.2949438,2242.7234605235667,2121.4063589559228
WD,2026-03-04,2,True,498080.0,21071438.487300873,-1498.6943887826567,-1620.0114903503006
ABTC,2026-03-05,2,False,2187900.0,15403436.639238596,-2475.966174304001,-2804.2443042291775
FMNB,2026-03-05,2,False,525492.21,7308199.530162811,-141.0213785235796,-469.2995084487565
GPK,2026-03-05,2,True,700488.47,84308761.02581501,-1694.0939840908145,-2022.3721140159914
SLRC,2026-03-05,2,False,3090971.54,5349389.835796356,-2333.522460569396,-2661.800590494573
NCDL,2026-03-06,5,True,324636.0,4200253.489327431,-1594.988702928035,-1817.494214816946
TPC,2026-03-06,2,True,2556374.58,59472018.94458771,-1182.249737175055,-1404.755249063966
FFIN,2026-03-09,3,False,320072.3,25959103.41539383,-545.7998462338566,-891.2562452284957
HOG,2026-03-09,2,True,362060.0,85789684.30843353,1460.8431180693865,1115.3867190747474
LYEL,2026-03-09,2,False,24999969.8,2562142.7527809143,-6285.470671701867,-6630.927070696506
AMRZ,2026-03-10,2,True,3662386.56,249819886.7738533,-1865.8788851559111,-2099.714633103828
FSSL,2026-03-10,2,False,520249.92,7388001.9144153595,-1585.2427304943315,-1819.0784784422483
MLAB,2026-03-10,3,False,452076.35,9072112.238731384,2540.133568437033,2306.297820489116
TCPC,2026-03-10,3,True,337445.0,5786506.157827377,-1381.7375005275107,-1615.5732484754276
VSNT,2026-03-10,3,False,5679039.0,95761531.38667107,-35.60914469109181,-269.44489263900874
ABG,2026-03-11,2,True,1127856.4,49530730.32371521,-1357.7026007833142,-1742.6703835865392
ALKT,2026-03-11,2,False,101128295.08,44254780.46568394,-2915.115257365462,-3300.083040168687
GO,2026-03-11,4,False,2696414.42,33697293.870191574,2389.4226712014975,2004.4548883982727
NSP,2026-03-11,3,True,252480.0,33888857.67329216,5459.424289154473,5074.456506351248
SFM,2026-03-11,2,False,440248.0,237142532.91412354,337.8315727964434,-47.13621000678153
SRE,2026-03-11,2,False,483538.6,356329350.7749939,-1507.5847964113727,-1892.5525792145977
TGLS,2026-03-11,2,False,13184943.84,22718622.380485535,-1619.8713736079153,-2004.8391564111403
KRRO,2026-03-12,9,False,20707929.0,2227912.775068283,-3300.1693874725206,-3729.815645198658
ROCK,2026-03-12,2,True,733715.4,13936947.460079193,-2007.7665035085008,-2437.412761234638
TCBI,2026-03-12,2,False,1008350.0,48702958.500061035,-387.61520382317974,-817.261461549317
CRH,2026-03-13,2,False,601282.0,680241829.0952301,-1015.1973410299777,-1503.1356968409304
FG,2026-03-13,2,True,309764.8,14115278.747787476,2259.0252794504877,1771.086923639535
LOAR,2026-03-13,3,False,6459981.04,91610894.23873901,-1053.7507277802836,-1541.6890835912368
CTEV,2026-03-16,2,True,270497.0,5170537.051796913,7004.0935360915555,6388.391902983221
HBAN,2026-03-16,2,True,530085.15,480591578.37706566,83.05008399624725,-532.651549112087
IFF,2026-03-16,2,True,11948854.79,149403035.01800537,-321.5867469156662,-937.2883800240005
KGS,2026-03-16,2,False,602610.0,89365022.64450073,994.7880410974941,379.08640798915985
MTN,2026-03-16,2,True,4967926.5,127831594.8564148,-1197.6579241971028,-1813.359557305437
TRIN,2026-03-16,2,False,439953.21,22479671.40841961,735.5460440391287,119.84441093079445
CBZ,2026-03-17,2,True,357826.75,48013009.697704315,1657.8971153093814,964.6670896709009
SCM,2026-03-17,3,True,766459.35,3348527.185487747,-1872.4370896851758,-2565.6671153236566
SDHC,2026-03-17,4,False,525547.48,2113026.59907341,-1641.3631557119772,-2334.5931813504576
ECC,2026-03-18,2,True,611477.5,11698193.662018776,-558.963451495813,-1017.075204604161
GPGI,2026-03-18,3,False,901700.0,90773477.69480705,-3063.270300582316,-3521.3820536906637
CRM,2026-03-19,2,False,1000439.74,2794878698.5791016,-3234.747981013498,-3724.21624488194
BBSI,2026-03-20,2,True,252974.3,10667817.195091248,232.90428692790744,-175.97832227757348
SBSW,2026-03-20,2,True,1890844.97,103062987.57522106,-2099.4665181969303,-2508.349127402412
KYN,2026-03-23,2,False,420350.0,5258614.879274368,-2103.5946068096127,-2552.7996735363427
BORR,2026-03-26,2,False,3927500.0,43301375.658135414,-4190.123760006145,-4830.908658205117
PICS,2026-03-26,2,False,1255075.0,9648597.510838509,-2855.94667358516,-3496.731571784132
FMNB,2026-03-27,2,False,952291.63,7132750.746192932,-633.8362470193969,-1489.4685638124815
HTGC,2026-03-30,7,False,618866.2,40479648.58793259,-490.3113057062365,-1370.8633243336903
IPX,2026-03-30,4,True,2876821.12,11838088.914051056,-526.6225735815075,-1407.1745922089615
LENZ,2026-03-30,3,True,365552.19,12062152.172775269,-4354.724075638059,-5235.276094265513
ZBIO,2026-03-31,2,True,2521140.0,15913089.733982086,1133.4861278389724,462.43493793657166
